dataset,prediction,duration_s,audio_id,source_url,seg_start,seg_end
unlabeled_youtube,إدارة الصعدلة والأدوية بوزارة الصحة تقرر صحب أربعة مكملات غذائية من السوق لعدم تطابقها مع المواصفات خبر قد يعتبر في ظاهره عاديا لكنه يخفي مشاكل كبرى تتعلق,14.97599983215332,MDU2ROgeKns_0,https://www.youtube.com/watch?v=MDU2ROgeKns,0.0,15.0
unlabeled_youtube,ةسفهذه المواد نجدها معروضة في مثالك أخرى غير السيرليات حيث انها تباع يروج لها عبر الانترنت ومواقع التواصل الاجتماعيمعت اق ح ب,15.0,MDU2ROgeKns_1,https://www.youtube.com/watch?v=MDU2ROgeKns,15.0,30.0
unlabeled_youtube,ا  المواقع لا المب فالشا  الحقي ن م نر كشر الح هرحاة  زار  ق,15.0,MDU2ROgeKns_2,https://www.youtube.com/watch?v=MDU2ROgeKns,30.0,45.0
unlabeled_youtube,منشمعرضين شيذالاش كانتع المكاملات الغذائيةاللي مصنوعة في تون اللي نجمو نقاع في الصيدريات ولا ناجمو نقا في أي موقع تجالي آخر ولا حطى في مواقع اتواصل الاجتماعية ولا علالانترنت ما اشكال كبير في المكاملات الغذائية,15.0,MDU2ROgeKns_3,https://www.youtube.com/watch?v=MDU2ROgeKns,45.0,60.0
unlabeled_youtube,محلي اللي جود نتاح لج ش بعض الحالات ما يكونوش جيدي المصنعين محلين ما يخذعول حتى قانون واللحظو اللي برشا موجهين الأطفال وهذا يختار رصافي على الصعط الصغار اليوم عنا هذوما الليصحباته,15.0,MDU2ROgeKns_4,https://www.youtube.com/watch?v=MDU2ROgeKns,60.0,75.0
unlabeled_youtube,كفي إريان كتشفواما محل غير مؤهل لصناعة المواد ه قعيصنع في بع لحاجات الهي موجهة اصة لطانظمةالفاالس,14.895999908447266,MDU2ROgeKns_5,https://www.youtube.com/watch?v=MDU2ROgeKns,75.0,90.0
unlabeled_youtube,تشكيات من عديد المواطنين تعرز لعمليات تحيل عند اقتناء مكملات غذائية من مواقع الإنترنت في وقت تطالب خلاله نقابة أصحاب السيدليات الخاصة وزارة الصحة بتفعيل القانون المنظم لهذا القطع,14.84000015258789,MDU2ROgeKns_6,https://www.youtube.com/watch?v=MDU2ROgeKns,90.0,105.0
unlabeled_youtube,اليوم القانون موجود في رفوف وزارة الصحة ماصدرش القانون هذاو أمر حكومي الأمر حكومة هذايا متفق عليه من طرف جميع م لداخلين في القطاع فمناش عليش التومخرج الأمر الحكومةهذاي في غياب القانون فما غياب للمخالفات,14.904000282287598,MDU2ROgeKns_7,https://www.youtube.com/watch?v=MDU2ROgeKns,105.0,120.0
unlabeled_youtube,وغياب للمراق بنك اليوم ماتجبتعمللهم حتى شي حتى في الصنع والا في التوسي المكملات الغذائية صحيحية معمهابهي لكن مذابينا زادا انخلونصيحة الطبيب المباشر متعنا قبل اقبال على المواد هذيا,14.991999626159668,MDU2ROgeKns_8,https://www.youtube.com/watch?v=MDU2ROgeKns,120.0,135.0
unlabeled_youtube,ونكد ونأكد هنا ونعاود قديش احنا كمنظمة تشكيا جت المنظمة شكيات من على اساس وقع اقتناء لى اساس مكاملات غذائية وكانت موادد سبت في برشا مشاكل صحية هني دعوة لىد,15.0,MDU2ROgeKns_9,https://www.youtube.com/watch?v=MDU2ROgeKns,135.0,150.0
unlabeled_youtube,انيبادر بوعي ذاتي من أن هو يتحر في كل مادى من الموادهدية بشخذها من عنوان معروف ومن نقطة بيع معروفة وقانونية المكملات الغذائية هي ظرورة صحية للعديد من الأشخاص,15.0,MDU2ROgeKns_10,https://www.youtube.com/watch?v=MDU2ROgeKns,150.0,165.0
unlabeled_youtube,مطالبين باتباع نصائح المختصين وتثبت من مصدر هذه المواد كي لتتحول إلى أجذوبة تجارية تكون نتائجها عكسية,9.343999862670898,MDU2ROgeKns_11,https://www.youtube.com/watch?v=MDU2ROgeKns,165.0,175.2759
unlabeled_youtube,لا  قق عل مزكفم رحب بيكم في صحتك لب بحن اليوم كتور سلم بالرمضان دغماتول معها باش نحكي على مراض النفسي  ا مانعر تهد الصح حلنا اكا,14.944000244140625,Xp9IhmeyW1w_0,https://www.youtube.com/watch?v=Xp9IhmeyW1w,0.0,15.0
unlabeled_youtube,ا الي  ا    طريق به عي ا ا ا  ل ا ا ح,15.0,Xp9IhmeyW1w_1,https://www.youtube.com/watch?v=Xp9IhmeyW1w,15.0,30.0
unlabeled_youtube,لشكاليات الصح رح نكترلجل ر ترجم ساعات بع الشكاليات الصح  نانحكي عل اليكودملوج لكوملوج بالعربي الطب النفي,15.0,Xp9IhmeyW1w_2,https://www.youtube.com/watch?v=Xp9IhmeyW1w,30.0,45.0
unlabeled_youtube,جلدي علاش الطراقة الموضوع هذاي نا حاطر في العيادة نتاعنا كل يوم ب جلد دا كما قلت نتي تو لاحذو الي أمراض هذي جلدي ديما عندها سبب نفسي أو بالعكس,14.567999839782715,Xp9IhmeyW1w_3,https://www.youtube.com/watch?v=Xp9IhmeyW1w,45.0,60.0
unlabeled_youtube,باش نجع نقول اللي في الدفم بريوني مناها في النمو لجنينيالمخ جاي مجلت عندهم نفس الريجين بريولوجي ل,14.97599983215332,Xp9IhmeyW1w_4,https://www.youtube.com/watch?v=Xp9IhmeyW1w,60.0,75.0
unlabeled_youtube,وبع وكتشفنا   ا حتى ا  الطبق سحي تاع الجلد عها علق  عها    ال,14.447999954223633,Xp9IhmeyW1w_5,https://www.youtube.com/watch?v=Xp9IhmeyW1w,75.0,90.0
unlabeled_youtube,لعصاب وجلت عندهم ارتباط كبير ببعضهم وذيق وفي الخسا معناها الببا ملي تلد حتى لن كبر طاريقت باش الكمني معناهايتعامل مع النتغاج متاعو المحيط متاعو,14.84000015258789,Xp9IhmeyW1w_6,https://www.youtube.com/watch?v=Xp9IhmeyW1w,90.0,105.0
unlabeled_youtube,هي ال ا  تر تحن وتعنقه   خي ذ ال ا  الو م الم الشعور  ا,14.991999626159668,Xp9IhmeyW1w_7,https://www.youtube.com/watch?v=Xp9IhmeyW1w,105.0,120.0
unlabeled_youtube,ما با علما  من ا لجل في العال ول ش رق لموضع ا عل ر لح لق رب ي    ال,14.960000038146973,Xp9IhmeyW1w_8,https://www.youtube.com/watch?v=Xp9IhmeyW1w,120.0,135.0
unlabeled_youtube,ا والجل معنها الجلد يثر على بالنفاش نلقاو مراض الجلديا ما بين السباب تاح فما تقلقات,14.847999572753906,Xp9IhmeyW1w_9,https://www.youtube.com/watch?v=Xp9IhmeyW1w,135.0,150.0
unlabeled_youtube,لا ان سبا  في  ا ال   ال   م لمل ا ا,15.0,Xp9IhmeyW1w_10,https://www.youtube.com/watch?v=Xp9IhmeyW1w,150.0,165.0
unlabeled_youtube,يع ا م ل علخار  ا  اصد عند عد عوامل منها عوامل جني,15.0,Xp9IhmeyW1w_11,https://www.youtube.com/watch?v=Xp9IhmeyW1w,165.0,180.0
unlabeled_youtube,عام ع ف ا نه عا ا   لاي نلق زاا فهم عام ا العام ن هه  ه ال ل,15.0,Xp9IhmeyW1w_12,https://www.youtube.com/watch?v=Xp9IhmeyW1w,180.0,195.0
unlabeled_youtube,منرف اي زم كل زم تع يتي يم ل نلقها دلي  ا م وا  لوي  دم نفسي ا,14.991999626159668,Xp9IhmeyW1w_13,https://www.youtube.com/watch?v=Xp9IhmeyW1w,195.0,210.0
unlabeled_youtube,شعريهيا مجموعة نلقاو بالست العكسخلف السدفيرنكثر ج لم الحسس,15.0,Xp9IhmeyW1w_14,https://www.youtube.com/watch?v=Xp9IhmeyW1w,210.0,225.0
unlabeled_youtube,عند اصغير و حى عند الكبار ل العلماء ا رقو في الموضوع لي قديفيه ال كو ملج ا يقك هو يدل على,15.0,Xp9IhmeyW1w_15,https://www.youtube.com/watch?v=Xp9IhmeyW1w,225.0,240.0
unlabeled_youtube,ن الم وير معناها جنالم اعبا الي مل لاا  عناها على بكري  ك منا الأم زمها تقعد معنا قريب لصغيرها,15.0,Xp9IhmeyW1w_16,https://www.youtube.com/watch?v=Xp9IhmeyW1w,240.0,255.0
unlabeled_youtube,ان  ا     ل       ال     ال    ل,15.0,Xp9IhmeyW1w_17,https://www.youtube.com/watch?v=Xp9IhmeyW1w,255.0,270.0
unlabeled_youtube,م لاح عامل ب معناها ولاحو أن  مثال الحسسية لما هي نا على س ع لا فرق الصغير عل أم عل بكر,15.0,Xp9IhmeyW1w_18,https://www.youtube.com/watch?v=Xp9IhmeyW1w,270.0,285.0
unlabeled_youtube,لا معنها الم تبعد شي عل بكري وكنقول المر مشكن الم  لحانا الم ولا المربي   ا نلقا مرا نف,15.0,Xp9IhmeyW1w_19,https://www.youtube.com/watch?v=Xp9IhmeyW1w,285.0,300.0
unlabeled_youtube,ل تقلقات جلد ملا نعطي مثل ملا لهذيا اها مامعناه أمراض نفسية احديبد عند ما,15.0,Xp9IhmeyW1w_20,https://www.youtube.com/watch?v=Xp9IhmeyW1w,300.0,315.0
unlabeled_youtube,يتخيل حاجات يصرحو في الجلدة متاع يقك نتخيل فيحاج ولا نتخيل في حشرات تسرح ولاحاجةبدا يحويح يحويح يجيف العيادة تاع الجلدي,15.0,Xp9IhmeyW1w_21,https://www.youtube.com/watch?v=Xp9IhmeyW1w,315.0,330.0
unlabeled_youtube,ف العيا    ثال خر ما  لخ     شعره لع شعارها خاخا نهم القلق عندهم الفجع,15.0,Xp9IhmeyW1w_22,https://www.youtube.com/watch?v=Xp9IhmeyW1w,330.0,345.0
unlabeled_youtube,قلع عره ا يقل وابه عره عراكقول ملا مراض نفسي ولا تقلقات نفسي رو فيها الدرجات الكل ن مش بشرتيه مر نفسي كبير,15.0,Xp9IhmeyW1w_23,https://www.youtube.com/watch?v=Xp9IhmeyW1w,345.0,360.0
unlabeled_youtube,م ف مالخفيف ل أقص درجة م ما مثلا لكفرهم لفره فن المصصنش حاجة راف ولكن تقعد مربوطة بستخاس,15.0,Xp9IhmeyW1w_24,https://www.youtube.com/watch?v=Xp9IhmeyW1w,360.0,375.0
unlabeled_youtube,ل   ن عهم لب ل  راح مم   ا,15.0,Xp9IhmeyW1w_25,https://www.youtube.com/watch?v=Xp9IhmeyW1w,375.0,390.0
unlabeled_youtube,ن رح ذي جلد تا   م ل ي    ي خلي شخص ن م,15.0,Xp9IhmeyW1w_26,https://www.youtube.com/watch?v=Xp9IhmeyW1w,390.0,405.0
unlabeled_youtube,ا             ال,14.95199966430664,Xp9IhmeyW1w_27,https://www.youtube.com/watch?v=Xp9IhmeyW1w,405.0,420.0
unlabeled_youtube,لقا مه  ق   كث   لعبا الشاص نقا    ل,14.95199966430664,Xp9IhmeyW1w_28,https://www.youtube.com/watch?v=Xp9IhmeyW1w,420.0,435.0
unlabeled_youtube,ال  ا م ال ا خار لل      عه حا ا        ل,14.95199966430664,Xp9IhmeyW1w_29,https://www.youtube.com/watch?v=Xp9IhmeyW1w,435.0,450.0
unlabeled_youtube,قها اتخاس ل  ك لقها حمر ش  ل  نم نلقلن   ا,15.0,Xp9IhmeyW1w_30,https://www.youtube.com/watch?v=Xp9IhmeyW1w,450.0,465.0
unlabeled_youtube,معشكل جلد النظار تم تخا شوي بد ان كل ش ها عند علاقة كبير زا      ج  ال,15.0,Xp9IhmeyW1w_31,https://www.youtube.com/watch?v=Xp9IhmeyW1w,465.0,480.0
unlabeled_youtube,رب معلها ها ها نتور في اختاك كن فما برشا لبر مع طب اتصا طب ن   ل,15.0,Xp9IhmeyW1w_32,https://www.youtube.com/watch?v=Xp9IhmeyW1w,480.0,495.0
unlabeled_youtube,ال,15.0,Xp9IhmeyW1w_33,https://www.youtube.com/watch?v=Xp9IhmeyW1w,495.0,510.0
unlabeled_youtube,مولعن ول بيب با يشوفو اشخص ها مومم يتعم مو يكون م صاي يسمعو يقدر كل القلق نتاع خاطر منساو نعقولو نعاو الجلدة,14.97599983215332,Xp9IhmeyW1w_34,https://www.youtube.com/watch?v=Xp9IhmeyW1w,510.0,525.0
unlabeled_youtube,هي للانالعو اي يخلي الشخص يتعاملم  الصح  سل ران ال ل لى لطب ال,14.991999626159668,Xp9IhmeyW1w_35,https://www.youtube.com/watch?v=Xp9IhmeyW1w,525.0,540.0
unlabeled_youtube,لي ا معروف ن سعاد يقلك زيك يهر ماما اليوم ذا كان فم كا كلبر بنزوس اختصاات الفي المري مافيهاكان كيد حاجة جابي با تكون نتاج العلجة خير,15.0,Xp9IhmeyW1w_36,https://www.youtube.com/watch?v=Xp9IhmeyW1w,540.0,555.0
unlabeled_youtube,ك ل ي و خر نحك لى اكثر موايع مرحب بيكم ديد ف لما,15.0,Xp9IhmeyW1w_37,https://www.youtube.com/watch?v=Xp9IhmeyW1w,555.0,570.0
unlabeled_youtube,مع مزيك ميفوتك شي في عالم السياسة ومنظ قاف,15.0,Xp9IhmeyW1w_38,https://www.youtube.com/watch?v=Xp9IhmeyW1w,570.0,585.0
unlabeled_youtube,الخبار الوطنية والعالمية نحلوها ونكوفسانا  نحكيثقافة ل سيما والموزيك فالق,15.0,Xp9IhmeyW1w_39,https://www.youtube.com/watch?v=Xp9IhmeyW1w,585.0,600.0
unlabeled_youtube,الذاع الأولى في تونس,14.991999626159668,Xp9IhmeyW1w_40,https://www.youtube.com/watch?v=Xp9IhmeyW1w,600.0,615.0
unlabeled_youtube,لحديش وقي,1.9600000381469727,Xp9IhmeyW1w_41,https://www.youtube.com/watch?v=Xp9IhmeyW1w,615.0,616.9891
unlabeled_youtube,الخمول بالتوتر والقلق والاكتاب خلال هذه الفترة هالمشاعر السلبية ه شن معنتها التفسير اللطب يمتاح هل هناك معنتها لم,15.0,kBZDwmRWer0_0,https://www.youtube.com/watch?v=kBZDwmRWer0,0.0,15.0
unlabeled_youtube,ج تخلينا نحس بالحاسيس الكل ولا لا ما نبفنقلك صحيح عندي نفس العرض هيا ونحسفي نفس الحكياهيا خلالهذ الفتر عند علاقة بالق عنده علاقة بشنومعتها بالبط نحكف البضوع والتفاصلل,15.0,kBZDwmRWer0_1,https://www.youtube.com/watch?v=kBZDwmRWer0,15.0,30.0
unlabeled_youtube,فيباك ظيفنا في المباشر دكتر حسن دربيل طبيب امختص في اليوميباتي و,15.0,kBZDwmRWer0_2,https://www.youtube.com/watch?v=kBZDwmRWer0,30.0,45.0
unlabeled_youtube,نب مرحب ب كر هل وسهل مل اخيرات كرا رقبل دعوتنا مرحب وتدويلقريط عل صفتك عل فيسبوك تتحدث على جملة,15.0,kBZDwmRWer0_3,https://www.youtube.com/watch?v=kBZDwmRWer0,45.0,60.0
unlabeled_youtube,من الأحاسيس السلبا خلا هذي الفترة لليحسوا بها اللناس شنوا ورء ذلك يعني شني الأسباب هلأنه عتى الطقص اللتوقيت شنو بالظبط معت لي خلينا نحسو بالأحاسيس هذايا متاع الإرهاق متاع التعبم,15.0,kBZDwmRWer0_4,https://www.youtube.com/watch?v=kBZDwmRWer0,60.0,75.0
unlabeled_youtube,تع الخموله متع التوتر غيره يعتبصح من فترة تسسوا في الأيادات أو مع المرضة ولاحتى يعني مع الأصدقاء ولا م,15.0,kBZDwmRWer0_5,https://www.youtube.com/watch?v=kBZDwmRWer0,75.0,90.0
unlabeled_youtube,اعايلة ولنسمعهم برشا الكلام ذيا أي نسمعهم برشا حتى عند الناس صغار الحقيقة  وشباب ونشسي نغم ن تسمع برشاتاع معينحشا نتقلق نتوتر,15.0,kBZDwmRWer0_6,https://www.youtube.com/watch?v=kBZDwmRWer0,90.0,105.0
unlabeled_youtube,وكتأب خيرس معيني في حشين  نسمهم الأشياء هذيا وبشكل كلير باشا وهذي غريب غريب لأنو م د دي ملادي و ناس معنمش مرض,15.0,kBZDwmRWer0_7,https://www.youtube.com/watch?v=kBZDwmRWer0,105.0,120.0
unlabeled_youtube,ولا عنو مرض معت متواز اخ في دواه مريج المور ف م فما علبا يحس بالحس   لبيلغرب شوي القيقة برشا ناس  يعملو في برشا صول برشا تحلي,15.0,kBZDwmRWer0_8,https://www.youtube.com/watch?v=kBZDwmRWer0,120.0,135.0
unlabeled_youtube,دور مطي ديدا يسأل في ال شن عنيركبو الهلواس فعدالحقيقه عندو حق  خاطر متجم انتي تتعب نهار سنين ترقد ب,15.0,kBZDwmRWer0_9,https://www.youtube.com/watch?v=kBZDwmRWer0,135.0,150.0
unlabeled_youtube,وترجع احيات أما الإحساس هذيه مع تليد بشكل بشكل معتمتواصل هو غريب شوي د من اس ه مجموش نحص,15.0,kBZDwmRWer0_10,https://www.youtube.com/watch?v=kBZDwmRWer0,150.0,165.0
unlabeled_youtube,ب  لكنمن أسباب الكبيرة ا هي م حاجة لحقيقة أول مرة تير نجم قلك في تاريخ لدشرية وتاريخ الإنسانية وع نشف  معاية في الفكرةل,15.0,kBZDwmRWer0_11,https://www.youtube.com/watch?v=kBZDwmRWer0,165.0,180.0
unlabeled_youtube,شاإنسان معنات الإنسان عيد عل نتوخ ع طبيع شم منت تج تقناس عندو سلخي ربعي أسبوع من لدار لبيرو للعطار للدار مم,15.0,kBZDwmRWer0_12,https://www.youtube.com/watch?v=kBZDwmRWer0,180.0,195.0
unlabeled_youtube,م ح عر طبيع لشجر لزهر لترب لشم اه عمر مزار في تاريخ البشري مفمسر بالحق م يمشيش على قيط,14.960000038146973,kBZDwmRWer0_13,https://www.youtube.com/watch?v=kBZDwmRWer0,195.0,210.0
unlabeled_youtube,من ال ن النسان ب   ا عمر ولاصارفي اريخ البشري ا,14.432000160217285,kBZDwmRWer0_14,https://www.youtube.com/watch?v=kBZDwmRWer0,210.0,225.0
unlabeled_youtube,نشوزلابونتر أكثر حاجة طبيعية عند الأمسانه أن يتحرك ع على سقي وأنه يقرب من الطبيعة من الأشيار من حيوانات م الهضاف من الجبال منالسهول بحار من الاك,14.95199966430664,kBZDwmRWer0_15,https://www.youtube.com/watch?v=kBZDwmRWer0,225.0,240.0
unlabeled_youtube,ال,15.0,kBZDwmRWer0_16,https://www.youtube.com/watch?v=kBZDwmRWer0,240.0,255.0
unlabeled_youtube,بازمك نس بديسقيق وبش سمك وتقر برشا من الطبيعة ها فغكونوصارة أبحاث والبحافهذي حنا ناس تعرف الكفتيزان الكفتيزان نجمونعملول منتا تحليل الدم,14.991999626159668,kBZDwmRWer0_17,https://www.youtube.com/watch?v=kBZDwmRWer0,255.0,270.0
unlabeled_youtube,واقر علو تحليب في و اللعاب في ط اللي والعلم ورا بشكلك لبرشا الي الناس يقرب برشا منتر الطبيعة النسبة   برشا في الج منطح,14.600000381469727,kBZDwmRWer0_18,https://www.youtube.com/watch?v=kBZDwmRWer0,270.0,285.0
unlabeled_youtube,علاج فما برشا برشا برشا ميتقال في الشي هذا  الأسباب نفسية تجم تكون هل اأسباب فيزيائية فيزيك ه ثما بالحق بعناتها علاقة بينات لوبينات ف امحيط نتعنا,14.416000366210938,kBZDwmRWer0_19,https://www.youtube.com/watch?v=kBZDwmRWer0,285.0,300.0
unlabeled_youtube,ح دأنك انتي تقعد فيملي لكل مصنوع سنعان ولا ملي سنعته لطبيعة عفرق كبير وكبير وكبير برشا برشا برشاهذيا نجمن خسو,14.800000190734863,kBZDwmRWer0_20,https://www.youtube.com/watch?v=kBZDwmRWer0,300.0,315.0
unlabeled_youtube,تحو ن تحسو معي كانتعمل تجربة خاطر نتعرف الي تالي طب عل تجريبي ديمانقلها الحكاف   ان ا جرب نت أسبوع عطي روحك لشف,15.0,kBZDwmRWer0_21,https://www.youtube.com/watch?v=kBZDwmRWer0,315.0,330.0
unlabeled_youtube,تفع طبين كمشعره فقيكنك تقب بحض بحض فيما في جنين صريره في جرزه في تقرب تمشقل ع البحر في خطر الحق غذيب برشا لحقيقه سؤال مسلوه غذيب برشا نقائر,15.0,kBZDwmRWer0_22,https://www.youtube.com/watch?v=kBZDwmRWer0,330.0,345.0
unlabeled_youtube,أنا بع ممكن لطفتع شوية بعف الأيماك رو تنفقع ناس سابية بسمان ما عنده حتى نتكت مع طبيني نبيرو نبيرو من من من ت لدار وهذا سا بشكل,15.0,kBZDwmRWer0_23,https://www.youtube.com/watch?v=kBZDwmRWer0,345.0,360.0
unlabeled_youtube,كبير برشا فل حسيس الغريبة السلبية اللي عمد برشا  الإنسان  لموحد لازم يبرمج في حياته معنات في البرنامج تحت عى قليلة مرا في الأسبوع يخرج لبل,15.0,kBZDwmRWer0_24,https://www.youtube.com/watch?v=kBZDwmRWer0,360.0,375.0
unlabeled_youtube,ف   في ا مر في ال ط ج السانفمال ريمي كل ش تحبال ل,15.0,kBZDwmRWer0_25,https://www.youtube.com/watch?v=kBZDwmRWer0,375.0,390.0
unlabeled_youtube,تر نا نغر في المليو ل نعيفي نقل ياربناشنقاها اطبيعة لا ود حك علها ادكتور بيد شوهي   ك بع,15.0,kBZDwmRWer0_26,https://www.youtube.com/watch?v=kBZDwmRWer0,390.0,405.0
unlabeled_youtube,عل مك ل كن ا برشا طبيع ا ام ماشويه غابة ما شوي جرد تعد شوي لكن نانحكلك عل شن الدراسات توم والحيقة انطحطتمش,15.0,kBZDwmRWer0_27,https://www.youtube.com/watch?v=kBZDwmRWer0,405.0,420.0
unlabeled_youtube,ربتمشي المدان الصناعية على الأخر وتبقى متتبقى في أكبر شوارع علمتا نت مت فينيورك معنات اللي الخشتاكاللي عمل سن بارك معناتا,15.0,kBZDwmRWer0_28,https://www.youtube.com/watch?v=kBZDwmRWer0,420.0,435.0
unlabeled_youtube,را تغموب الجنون في العفر هذاكا وجاه من أوروبا وقل مراه أنا في في وسنيركرني بش تعمل غابة كبيرة برفا قالولو نت مانتي مجنون نت موش طبيعي باش مكان كناذاا معت غالي برفا تعملو تعملو,15.0,kBZDwmRWer0_29,https://www.youtube.com/watch?v=kBZDwmRWer0,435.0,450.0
unlabeled_youtube,طبيعة ولكن هو  وناس  مدعوم أن ت عم لل  ل  ماب واعرط على نيرك وشوف سل بارك يفاش منظم مسطين ب كبيرة ب,15.0,kBZDwmRWer0_30,https://www.youtube.com/watch?v=kBZDwmRWer0,450.0,465.0
unlabeled_youtube,اي سم في اكبر ناتح اصحا  كل يوم  ش عمل بر  شو انتي في قلب حبار تبشي الأروا كيف موجودين ا,15.0,kBZDwmRWer0_31,https://www.youtube.com/watch?v=kBZDwmRWer0,465.0,480.0
unlabeled_youtube,ع الصدق  كلم  ف يومي  مشكل شوي  شك مشكل ف يوم هو,15.0,kBZDwmRWer0_32,https://www.youtube.com/watch?v=kBZDwmRWer0,480.0,495.0
unlabeled_youtube,علمكماش معت من ما كان العمل كي تعبط نت مساج تمشي حتى حتى كرب مراك مساج تمشي درجين ط درجين ب شر معت حتىلفات نكتمشي على سقيق,15.0,kBZDwmRWer0_33,https://www.youtube.com/watch?v=kBZDwmRWer0,495.0,510.0
unlabeled_youtube,في الشوارع م كنتديت م اطبيعة  رم كل استطيع تخيل ن يقولون ن الا,15.0,kBZDwmRWer0_34,https://www.youtube.com/watch?v=kBZDwmRWer0,510.0,525.0
unlabeled_youtube,لبنكينا فيها درشنوة هذا كل نعرفو لكن هذا هذا ف حقيق مشكل ما نجالبو هذا في سبيل أن أن ينقص كرتال م شوي شتربحر ينقص الكرتال يقص تنقص كري,15.0,kBZDwmRWer0_35,https://www.youtube.com/watch?v=kBZDwmRWer0,525.0,540.0
unlabeled_youtube,لدم تنقص دو في الدم تنقص ضغط الدم دولة دم متع تتنشط ماتلصلو اكثر كسيجن تولي تتصرف فس توليي توز الهقل,14.984000205993652,kBZDwmRWer0_36,https://www.youtube.com/watch?v=kBZDwmRWer0,540.0,555.0
unlabeled_youtube,ح ن   تازنين ف     ن ا   يكون عل مستوى القريب المتوسف ل,15.0,kBZDwmRWer0_37,https://www.youtube.com/watch?v=kBZDwmRWer0,555.0,570.0
unlabeled_youtube,ت سوكو أن الإنسان يقرب  تقلي والله نا نسكن في كتمتاج وم عندي كان بلكان صغير سا أعمل نبت صغير هكبلكا  ل أربع نتا هكهما ن,15.0,kBZDwmRWer0_38,https://www.youtube.com/watch?v=kBZDwmRWer0,570.0,585.0
unlabeled_youtube,ر ر صر بش,14.831999778747559,kBZDwmRWer0_39,https://www.youtube.com/watch?v=kBZDwmRWer0,585.0,600.0
unlabeled_youtube,ك فا  ه     مرر  ل   فل,14.887999534606934,kBZDwmRWer0_40,https://www.youtube.com/watch?v=kBZDwmRWer0,600.0,615.0
unlabeled_youtube,فات م حاجة الطبيع ش قطرك فيتاريخ البشرية ولا عمر صارت ناس ما تتحرج مافماسما سني غير موجود تمشي إلا في العصر متاعنا هذها في الضرف المكاني وزماني متعنا بلحق غري,14.97599983215332,kBZDwmRWer0_41,https://www.youtube.com/watch?v=kBZDwmRWer0,615.0,630.0
unlabeled_youtube,ن تمع ناس تح عند سبي  عل قي ن  حاج مه بي   تعطين تفير حيقي لري  ا مر,15.0,kBZDwmRWer0_42,https://www.youtube.com/watch?v=kBZDwmRWer0,630.0,645.0
unlabeled_youtube,قل ر  كهب ترع رهبها لب حل ار  لوم,15.0,kBZDwmRWer0_43,https://www.youtube.com/watch?v=kBZDwmRWer0,645.0,660.0
unlabeled_youtube,م ونقدو زماحاجة عديه ل ل حاجة ماهيش عادي مهيش عاديا حتى تعرف هشوف كان زاكتفزا  عندو حب شباب عظلات غيفة نجيش النو,15.0,kBZDwmRWer0_44,https://www.youtube.com/watch?v=kBZDwmRWer0,660.0,675.0
unlabeled_youtube,حاجا غريب مش مكتب في كتب الطب بسب خاصا صغار اي ممخم مكتب لش منا ننا في العمر هذ م عمر الاقبال علل,15.0,kBZDwmRWer0_45,https://www.youtube.com/watch?v=kBZDwmRWer0,675.0,690.0
unlabeled_youtube,النشار مو العمر هذك مفماش حاذ اسم التعب لا توجد مفماش إحساس التعبلن الخلا مفاش التهاب خاطر إحساس بالتعب جي شن قول انا رو عن الإرهاك وتعب,15.0,kBZDwmRWer0_46,https://www.youtube.com/watch?v=kBZDwmRWer0,690.0,705.0
unlabeled_youtube,والتوتر هذاك يدل على التهاب داخل الخلاية  الخلية لسريل فنكثيونال والخلية هذ ولات فيها سا سيدلكبي برش لا فيها التهاب والخلية معش,15.0,kBZDwmRWer0_47,https://www.youtube.com/watch?v=kBZDwmRWer0,705.0,720.0
unlabeled_youtube,تخدم ف من واجلمتا ق  هذك خلي مش تسيب مواد ر مواد سام ال م مواد التهادي مواد اتهاة  دور ت تمشيحتى المخ وتعطي,15.0,kBZDwmRWer0_48,https://www.youtube.com/watch?v=kBZDwmRWer0,720.0,735.0
unlabeled_youtube,لل ال  جا لل  ا,7.952000141143799,kBZDwmRWer0_49,https://www.youtube.com/watch?v=kBZDwmRWer0,735.0,743.04
unlabeled_youtube,ن حك تكون لباس وخيرفيصحكلاس ر موضوع جديد اليوم مووع في اتذ  بما ن انحك عل ن الم موجو متوفر في ساقنا,14.97599983215332,He2QrPJpeac_0,https://www.youtube.com/watch?v=He2QrPJpeac,0.0,15.0
unlabeled_youtube,عندي مديدة الحققة نحك عالبسباس البسباس شنو الفواد متاعو وشنو انفع زعما البسباس بدولا لعرو ك نجم جان عل هذا كل ني حنا امير العكرك العادة خصية التغذي في سحتكلباس مرحب امرا,15.0,He2QrPJpeac_1,https://www.youtube.com/watch?v=He2QrPJpeac,15.0,30.0
unlabeled_youtube,لك لا ي ترف السبس  عل ل  السا,15.0,He2QrPJpeac_2,https://www.youtube.com/watch?v=He2QrPJpeac,30.0,45.0
unlabeled_youtube,ذي ف برش م لف الما ف كيد برشا فوال تحكهم لن لباق لياففتمينا,14.968000411987305,He2QrPJpeac_3,https://www.youtube.com/watch?v=He2QrPJpeac,45.0,60.0
unlabeled_youtube,ل ل كل اي   يعهم برشل  لم ل سؤال  ا كلراا,14.920000076293945,He2QrPJpeac_4,https://www.youtube.com/watch?v=He2QrPJpeac,60.0,75.0
unlabeled_youtube,كما لخيار ذوم حاجاتهما كلهم ما والباقي الياف م  نل حاج مش كلي ما اي أكثر منهك  قدش في لياف اينم تعاون لبدا خرج لي,14.968000411987305,He2QrPJpeac_5,https://www.youtube.com/watch?v=He2QrPJpeac,75.0,90.0
unlabeled_youtube,ر لش    عك   كر ع لمنف ف ال   ل ة الي  ك   ا,15.0,He2QrPJpeac_6,https://www.youtube.com/watch?v=He2QrPJpeac,90.0,105.0
unlabeled_youtube,ال والفق قمانحب ل افح منقول  البب الخيار ل لف,15.0,He2QrPJpeac_7,https://www.youtube.com/watch?v=He2QrPJpeac,105.0,120.0
unlabeled_youtube,فا  ا    ال  فك ا,14.935999870300293,He2QrPJpeac_8,https://www.youtube.com/watch?v=He2QrPJpeac,120.0,135.0
unlabeled_youtube,رن أما راهي تعاون مام في الديجي وتخالج مام لتكسين ملبدا اللبس بريس هاكالبضرة اللي هي معندها تزرع بينقوت وسبتمبر تلا شهور ونبدي نشيخو بيه طوا وقت,14.97599983215332,He2QrPJpeac_9,https://www.youtube.com/watch?v=He2QrPJpeac,135.0,150.0
unlabeled_youtube,ا لب الحقيق لمنف تاكبير وكبير برش ا نكو علها وكن جم نحبنك عل لحجاا منمله ل  الب ل,14.911999702453613,He2QrPJpeac_10,https://www.youtube.com/watch?v=He2QrPJpeac,150.0,165.0
unlabeled_youtube,فدا تحي المدامعزيز وقت اللي سمعتك تحكي اقلت الي ا ك على البسبولعر ق,14.95199966430664,He2QrPJpeac_11,https://www.youtube.com/watch?v=He2QrPJpeac,165.0,180.0
unlabeled_youtube,لمح  الفرف قول ا   ح   الحقق  نقلرو  البا نل  ق  نط,15.0,He2QrPJpeac_12,https://www.youtube.com/watch?v=He2QrPJpeac,180.0,195.0
unlabeled_youtube,ل عا المنفف كبر من برش   لعرذك الفلاح قمتها برش   ا,15.0,He2QrPJpeac_13,https://www.youtube.com/watch?v=He2QrPJpeac,195.0,210.0
unlabeled_youtube,الفلات الي هيهذيك العروش الل قع يخليها كمقويات فيها برشا بوتا كمقوي لتربدكال أكثر منهك زادساعتك ب,15.0,He2QrPJpeac_14,https://www.youtube.com/watch?v=He2QrPJpeac,210.0,225.0
unlabeled_youtube,ا يع لماشا متاح على خاطر يعرفو الهي فابرشا منفع ع ق ف قل فالك,15.0,He2QrPJpeac_15,https://www.youtube.com/watch?v=He2QrPJpeac,225.0,240.0
unlabeled_youtube,ل,15.0,He2QrPJpeac_16,https://www.youtube.com/watch?v=He2QrPJpeac,240.0,255.0
unlabeled_youtube,الح  ق,15.0,He2QrPJpeac_17,https://www.youtube.com/watch?v=He2QrPJpeac,255.0,270.0
unlabeled_youtube,علتها للعي عتها خها  ا علخطر المنفع ف الكل مهاف     ن   تعامل عها,15.0,He2QrPJpeac_18,https://www.youtube.com/watch?v=He2QrPJpeac,270.0,285.0
unlabeled_youtube,ولا لمعدنونقص فصل  رسر بنين والحاج لبي ال نحن لبسب جان لملق مسق بلا بلمتر  يجيب بنين م حتى ككل مافيوش لمرر ما ي,14.95199966430664,He2QrPJpeac_19,https://www.youtube.com/watch?v=He2QrPJpeac,285.0,300.0
unlabeled_youtube,نحن عدنا لمترحمدلا باهيا والحاجة يزمنا نفهموها اللي هو فيه برشا فيتاميسي واللي هو يعمل برشا فكسايو للحديد للفاخ جيما نقولو را الفيتاميسي مفماش كان في القوارس باس باس نقو فيه برشا فيتاميس,14.991999626159668,He2QrPJpeac_20,https://www.youtube.com/watch?v=He2QrPJpeac,300.0,315.0
unlabeled_youtube,لبا ال عم لملبين ف ادم ناق اليلا  مكل  م  زايفن ممك فر  مصحب,15.0,He2QrPJpeac_21,https://www.youtube.com/watch?v=He2QrPJpeac,315.0,330.0
unlabeled_youtube,أما لعبيد  عندهم فقر الدم لعبيدللي عندهم مشكل  امتصاص لحديدفي بدنهم كرو م البسبس متخ لوش هلكعبة البسبس الس العداد قلمافحتى شي ماش عدس ب طل لحي,15.0,He2QrPJpeac_22,https://www.youtube.com/watch?v=He2QrPJpeac,330.0,345.0
unlabeled_youtube,ميشبنا للها  ي وفيها الفيتمينس اللي يعمل برش فك حاج خرىالبسبس والخص وا اقلتقبل من أكثر الخضرة اللي تعاون عل درار الحالي,15.0,He2QrPJpeac_23,https://www.youtube.com/watch?v=He2QrPJpeac,345.0,360.0
unlabeled_youtube,المرة المرع مر الترع حليبها ناقص زمها تكر من البسبا ها ك ل بسبا المر ي ترضع تستعمل جن لم البسباس لان لحبوب وع به ا ق,15.0,He2QrPJpeac_24,https://www.youtube.com/watch?v=He2QrPJpeac,360.0,375.0
unlabeled_youtube,ر ل ن كر الخر لص ج,14.968000411987305,He2QrPJpeac_25,https://www.youtube.com/watch?v=He2QrPJpeac,375.0,390.0
unlabeled_youtube,ال ا لقه مر   ف,15.0,He2QrPJpeac_26,https://www.youtube.com/watch?v=He2QrPJpeac,390.0,405.0
unlabeled_youtube,البلاكتين ديم يطل عندها راولبلكتن من نجم يطل عند اطفلصبل عن المر عرس مام عند رجل صار ما موجود م بد عند مشكل ف عهااتلوجي كامل فب,15.0,He2QrPJpeac_27,https://www.youtube.com/watch?v=He2QrPJpeac,405.0,420.0
unlabeled_youtube,م ل  ذا  د ا   م يطل واو ف خا  منصوول كل م  لالر ا,15.0,He2QrPJpeac_28,https://www.youtube.com/watch?v=He2QrPJpeac,420.0,435.0
unlabeled_youtube,المنفع تاح أكثر  اب   الجل ق فيها  نلناس   تقل قص مل لعرو تروح بلرس اا تخار,15.0,He2QrPJpeac_29,https://www.youtube.com/watch?v=He2QrPJpeac,435.0,450.0
unlabeled_youtube,الل  ق اخر  فا و  فال,15.0,He2QrPJpeac_30,https://www.youtube.com/watch?v=He2QrPJpeac,450.0,465.0
unlabeled_youtube,تالخر لا ا ال نفها ع نحلق الرن لكلم سل ل ش,14.968000411987305,He2QrPJpeac_31,https://www.youtube.com/watch?v=He2QrPJpeac,465.0,480.0
unlabeled_youtube,ق ال الح  وها   عالوحا  م الر,14.968000411987305,He2QrPJpeac_32,https://www.youtube.com/watch?v=He2QrPJpeac,480.0,495.0
unlabeled_youtube,لا العروش متاع البسباس العروش متاع البسباسع أول حاجه هي تعاون على خافظ ضخط الدا دك العفاد اللي عندهم مشكل متاع تنسيون ديما طالع عليهم انهم ياخذو العروش متاع البسباس عل اختف,15.0,He2QrPJpeac_33,https://www.youtube.com/watch?v=He2QrPJpeac,495.0,510.0
unlabeled_youtube,كيكما الخر الورقي الخر الكل ملح ي ف لح       كنتعمل لل متح فه املح,15.0,He2QrPJpeac_34,https://www.youtube.com/watch?v=He2QrPJpeac,510.0,525.0
unlabeled_youtube,تح برشا عروش نتع بصيس وتعسر عصيرة قارس فانتي راكهوني م عته بشتاخو حاملوحية الي حاجتك بها وأكثر من هك برشا يخاف يقلنكنحي الملح مش به لبدني بدني فرر بدني حق في بدني,14.95199966430664,He2QrPJpeac_35,https://www.youtube.com/watch?v=He2QrPJpeac,525.0,540.0
unlabeled_youtube,ال  حبا كن الملح الطبيعي كيف ملحاجا ا مهم في الببا العبا اي عهم مشاكل الهظم الكل  ل,14.984000205993652,He2QrPJpeac_36,https://www.youtube.com/watch?v=He2QrPJpeac,540.0,555.0
unlabeled_youtube,م نكل حاج قع بر س فمع لر ال  ذكنا عب ل لح لعرو ر ق,15.0,He2QrPJpeac_37,https://www.youtube.com/watch?v=He2QrPJpeac,555.0,570.0
unlabeled_youtube,حى الهدوك لقلوب ت لن   ب ترمشهم خير من نك تعمله فف,15.0,He2QrPJpeac_38,https://www.youtube.com/watch?v=He2QrPJpeac,570.0,585.0
unlabeled_youtube,بالل بال الحا الر اا ن من ه ف ال ا من ه ال,15.0,He2QrPJpeac_39,https://www.youtube.com/watch?v=He2QrPJpeac,585.0,600.0
unlabeled_youtube,كا كل اخر ا   لببالحاج الخصية الب ف ن يقي المابول   تكن سر,15.0,He2QrPJpeac_40,https://www.youtube.com/watch?v=He2QrPJpeac,600.0,615.0
unlabeled_youtube,اا ا  ل   ش د ا    ي عل ل  دتها با  ه,14.944000244140625,He2QrPJpeac_41,https://www.youtube.com/watch?v=He2QrPJpeac,615.0,630.0
unlabeled_youtube,و بالحق دو أقرح سابك في برشا بسبس وعجي نهار كامل كل فلسبس  معنغير عاجي م بالحق ر  يعمل تنظيف,14.680000305175781,He2QrPJpeac_42,https://www.youtube.com/watch?v=He2QrPJpeac,630.0,645.0
unlabeled_youtube,تهراه كا بلي في مك  ف شر را   علخر نظ ل ب  ه الكبد مشم اقكان رن لغالب,15.0,He2QrPJpeac_43,https://www.youtube.com/watch?v=He2QrPJpeac,645.0,660.0
unlabeled_youtube,ل منلب عا علك ال  بال مه  تنجم تحطفيكرهبت منتها وقتم يخطل لبس يب ط عل برشقا,14.760000228881836,He2QrPJpeac_44,https://www.youtube.com/watch?v=He2QrPJpeac,660.0,675.0
unlabeled_youtube,تي  في ح    م  لا ن      فر,14.704000473022461,He2QrPJpeac_45,https://www.youtube.com/watch?v=He2QrPJpeac,675.0,690.0
unlabeled_youtube,ط ل   ل م الر   فر  حط فلا,14.97599983215332,He2QrPJpeac_46,https://www.youtube.com/watch?v=He2QrPJpeac,690.0,705.0
unlabeled_youtube,ال حل ع العب,15.0,He2QrPJpeac_47,https://www.youtube.com/watch?v=He2QrPJpeac,705.0,720.0
unlabeled_youtube,قصوا فيصلا ل سهل طريق كثر كا مجحفوها اليوم رو البسبسقو فالصلاط ك مقص,14.935999870300293,He2QrPJpeac_48,https://www.youtube.com/watch?v=He2QrPJpeac,720.0,735.0
unlabeled_youtube,لل      ل,15.0,He2QrPJpeac_49,https://www.youtube.com/watch?v=He2QrPJpeac,735.0,750.0
unlabeled_youtube,ال   الق ال      الكر ف,15.0,He2QrPJpeac_50,https://www.youtube.com/watch?v=He2QrPJpeac,750.0,765.0
unlabeled_youtube,ن,15.0,He2QrPJpeac_51,https://www.youtube.com/watch?v=He2QrPJpeac,765.0,780.0
unlabeled_youtube,معالمسعي مسعت منحب نشكركرشا الصح نق كما كلمر ف المع عل موع جديد ا وغعل لهبت لكلو منخر الفر لران ب,15.0,He2QrPJpeac_52,https://www.youtube.com/watch?v=He2QrPJpeac,780.0,795.0
unlabeled_youtube,نش ا في احتك لباس م قلش باكنا الوم فترنا سلي السبا,8.631099700927734,He2QrPJpeac_53,https://www.youtube.com/watch?v=He2QrPJpeac,795.0,803.6311
unlabeled_youtube,ك  مسكم بالخير ولهن ر كن ب بك  م,14.991999626159668,bjRIzAO-3Ac_0,https://www.youtube.com/watch?v=bjRIzAO-3Ac,0.0,15.0
unlabeled_youtube,أصبوعي معحكي مناحك لك عايامرون بالعمر في الخراج شواق المجري فيالخراجالرمي لحد الكريمي في العداد والتنسيق التبعونعلى الجفس تعم علفسبوكمرحب,15.0,bjRIzAO-3Ac_1,https://www.youtube.com/watch?v=bjRIzAO-3Ac,15.0,30.0
unlabeled_youtube,نا هو كل جمعة يكون عنا ظيف نعيشو معاه تجربته العلمية المهنية ونكتشفو الإتار العلمي والمهني اللي المحيت متاعو ككلو اليوم يفناخر,15.0,bjRIzAO-3Ac_2,https://www.youtube.com/watch?v=bjRIzAO-3Ac,30.0,45.0
unlabeled_youtube,كل تطبتونسطبيب رئيس سابقا في قسم العلاج الألم بمستشفى الرابت ورئيس الجمعية تنسيها لدراسة علاج الألم رحب بحذية دكتر مرشد عبد المولىد,15.0,bjRIzAO-3Ac_3,https://www.youtube.com/watch?v=bjRIzAO-3Ac,45.0,60.0
unlabeled_youtube,ا حب  نشكركم عالاستاف نرناسدي شكرا ليك يضا على قبولها خلي نفهم أكثر على الدسلين هذ ولاهالعالمها لكل,15.0,bjRIzAO-3Ac_4,https://www.youtube.com/watch?v=bjRIzAO-3Ac,60.0,75.0
unlabeled_youtube,اللام عا الب  ل التار قر علرق اف قنا,15.0,bjRIzAO-3Ac_5,https://www.youtube.com/watch?v=bjRIzAO-3Ac,75.0,90.0
unlabeled_youtube,لنصيف ورق رعنلدراس ل قدم رحيعبد المل مرشمنمليد فق نعتزت,15.0,bjRIzAO-3Ac_6,https://www.youtube.com/watch?v=bjRIzAO-3Ac,90.0,105.0
unlabeled_youtube,طبيب علاج الألم نعمل علاج الألم نحبش نقول مختص خطر مزالموش مختصاديارزبنال,14.991999626159668,bjRIzAO-3Ac_7,https://www.youtube.com/watch?v=bjRIzAO-3Ac,105.0,120.0
unlabeled_youtube,ب مروم بالريا ارس   ابعب ي  الي ز ر الكر,14.97599983215332,bjRIzAO-3Ac_8,https://www.youtube.com/watch?v=bjRIzAO-3Ac,120.0,135.0
unlabeled_youtube,ع نرعب مع سحابي مع ل لل الك,15.0,bjRIzAO-3Ac_9,https://www.youtube.com/watch?v=bjRIzAO-3Ac,135.0,150.0
unlabeled_youtube,أنا قريط شوي في سفاق سسني منسفر إلس سني بعدم شينا المستير لولد كانيخدم في المستير وبعد جينا لتونس فمتني فيتونس قريط في باب الخذرة نحب نسمي خاطر,15.0,bjRIzAO-3Ac_10,https://www.youtube.com/watch?v=bjRIzAO-3Ac,150.0,165.0
unlabeled_youtube,ا س متاع  هو باب الخذرة الي طلع م جال وبرش حباد ولحبت ف البطاحي متع تنس الكل كورا  طبيب محب للرياض,14.928000450134277,bjRIzAO-3Ac_11,https://www.youtube.com/watch?v=bjRIzAO-3Ac,165.0,180.0
unlabeled_youtube,اصر  افمه را   لكرمجوي ك مالناس ايمناكاخصا,15.0,bjRIzAO-3Ac_12,https://www.youtube.com/watch?v=bjRIzAO-3Ac,180.0,195.0
unlabeled_youtube,انري حح يلقق الب,15.0,bjRIzAO-3Ac_13,https://www.youtube.com/watch?v=bjRIzAO-3Ac,195.0,210.0
unlabeled_youtube,ر قبل  هزو اللعبي م لاح  الرب ك,15.0,bjRIzAO-3Ac_14,https://www.youtube.com/watch?v=bjRIzAO-3Ac,210.0,225.0
unlabeled_youtube,مند الر   هرف البح ثم الكادمهرفالح ج,15.0,bjRIzAO-3Ac_15,https://www.youtube.com/watch?v=bjRIzAO-3Ac,225.0,240.0
unlabeled_youtube,ا فه الل صار را الل ا ر ا,15.0,bjRIzAO-3Ac_16,https://www.youtube.com/watch?v=bjRIzAO-3Ac,240.0,255.0
unlabeled_youtube,بلا وتعمل فيها معناها بتاحي منظمين كثر وتخلي لعبي تكور معناا توكي تخرج لخارج لاش نسميل انعمنا لمشر ونعمل في ببل عمن مش اله بح بنتي بنت فيهشا,15.0,bjRIzAO-3Ac_17,https://www.youtube.com/watch?v=bjRIzAO-3Ac,255.0,270.0
unlabeled_youtube,باش البلاس عل البحر ثمني ترن نتعل يبين   يا  بالنسب لنا حاج فال  نا حد م ناس,15.0,bjRIzAO-3Ac_18,https://www.youtube.com/watch?v=bjRIzAO-3Ac,270.0,285.0
unlabeled_youtube,الا لننها نشار نااس لنا ف العائل نل را لك,15.0,bjRIzAO-3Ac_19,https://www.youtube.com/watch?v=bjRIzAO-3Ac,285.0,300.0
unlabeled_youtube,ل  ر ال,14.984000205993652,bjRIzAO-3Ac_20,https://www.youtube.com/watch?v=bjRIzAO-3Ac,300.0,315.0
unlabeled_youtube,لاخصا   من الطفول الصغير تا ق ترف البح قولنحبي,14.95199966430664,bjRIzAO-3Ac_21,https://www.youtube.com/watch?v=bjRIzAO-3Ac,315.0,330.0
unlabeled_youtube,ن كنت معند فكر هكمعين كنت نحب  نعمل فرماسيها كثر كمر حسابات ور ف ب ك  بسف,15.0,bjRIzAO-3Ac_22,https://www.youtube.com/watch?v=bjRIzAO-3Ac,330.0,345.0
unlabeled_youtube,سرت يحب بيل بي,15.0,bjRIzAO-3Ac_23,https://www.youtube.com/watch?v=bjRIzAO-3Ac,345.0,360.0
unlabeled_youtube,وقت اللي نتفجع نقر فت نح ا نعطي فكر نافلمسين متاعي عاوتعامين فمت كل سراحم نقر في عقلر,15.0,bjRIzAO-3Ac_24,https://www.youtube.com/watch?v=bjRIzAO-3Ac,360.0,375.0
unlabeled_youtube,نح     ه بر ب ع هون ق,15.0,bjRIzAO-3Ac_25,https://www.youtube.com/watch?v=bjRIzAO-3Ac,375.0,390.0
unlabeled_youtube,به الاختصاص متاعك معنككملتلس  طب جا وقت باش تعاد الغزيدانا ولا باش تختار اختصاص كان في ذهنك اختصاص قبل تقول نتي تقرف المادسين تقول نحب نعمل الاختا,15.0,bjRIzAO-3Ac_26,https://www.youtube.com/watch?v=bjRIzAO-3Ac,390.0,405.0
unlabeled_youtube,بل لثكب  عي ل لل,15.0,bjRIzAO-3Ac_27,https://www.youtube.com/watch?v=bjRIzAO-3Ac,405.0,420.0
unlabeled_youtube,اا   ص صير  عمر شهري ه,15.0,bjRIzAO-3Ac_28,https://www.youtube.com/watch?v=bjRIzAO-3Ac,420.0,435.0
unlabeled_youtube,مرة صدق ق معملتش با ري محل لري والصغيرات والببينل  ف نص ي,15.0,bjRIzAO-3Ac_29,https://www.youtube.com/watch?v=bjRIzAO-3Ac,435.0,450.0
unlabeled_youtube,ومانحب برشا لال شال حن مر با  نحب لل مدا,14.984000205993652,bjRIzAO-3Ac_30,https://www.youtube.com/watch?v=bjRIzAO-3Ac,450.0,465.0
unlabeled_youtube,ا   اللمكز الطن  الل هر,15.0,bjRIzAO-3Ac_31,https://www.youtube.com/watch?v=bjRIzAO-3Ac,465.0,480.0
unlabeled_youtube,نق طلبين دمتا لتخ مدلاد ل طلبين امتسا مشيت هكاكهتروحي مشيت نلقى دكتر منيا حديت حيا م ن شيف سي اهي علمتنا زاد لخت ملد,15.0,bjRIzAO-3Ac_32,https://www.youtube.com/watch?v=bjRIzAO-3Ac,480.0,495.0
unlabeled_youtube,حكي معاها ناوقت نع في ال  ل بالبر النقلال ف,15.0,bjRIzAO-3Ac_33,https://www.youtube.com/watch?v=bjRIzAO-3Ac,495.0,510.0
unlabeled_youtube,فما ل ل   ق  فرح ق   ن نعكلف ا ترف ر ح ل,15.0,bjRIzAO-3Ac_34,https://www.youtube.com/watch?v=bjRIzAO-3Ac,510.0,525.0
unlabeled_youtube,ر خل ف في المسينهي ولا عل العلا لق عال ر لاال,15.0,bjRIzAO-3Ac_35,https://www.youtube.com/watch?v=bjRIzAO-3Ac,525.0,540.0
unlabeled_youtube,عالم    لبف   لب  ساعا  مر  ف ل ي عا مر,15.0,bjRIzAO-3Ac_36,https://www.youtube.com/watch?v=bjRIzAO-3Ac,540.0,555.0
unlabeled_youtube,خاطر هو الاختصاس مش موجود وسرتون نحكي عل الآلام تاع المرده اللي عندم الكنسر لكنسير حشاك سرتان مريلقاها ما يرقدشو عندو الام رو فما مردا تقع شهرين لا مترقشرو,15.0,bjRIzAO-3Ac_37,https://www.youtube.com/watch?v=bjRIzAO-3Ac,555.0,570.0
unlabeled_youtube,كا مق فمت وبعد أسبوع لا سبوعين  قل يك سح برك لو فكرن ق ومعش عندي لام كلشي ن ب  لعلاقة ه ب اللم,15.0,bjRIzAO-3Ac_38,https://www.youtube.com/watch?v=bjRIzAO-3Ac,570.0,585.0
unlabeled_youtube,ولا علاج الألم كيفاش بنيتها انتي معناها ستا انه كل مرة يجيكحد داويه وإلا انك تزي تعرف أكثر وتقرى أكثر وتتكون أكثر في المجال هو,15.0,bjRIzAO-3Ac_39,https://www.youtube.com/watch?v=bjRIzAO-3Ac,585.0,600.0
unlabeled_youtube,اا  ي  ا  خا عل الل  ف المرا ل ل ل,14.895999908447266,bjRIzAO-3Ac_40,https://www.youtube.com/watch?v=bjRIzAO-3Ac,600.0,615.0
unlabeled_youtube,ف الف الالام الظهر في لام فدلدب في المراض السكري ا عندهم سكر يعملو دينا تديابتي لنا مكلميعطي مراض مفمش اختصا,14.847999572753906,bjRIzAO-3Ac_41,https://www.youtube.com/watch?v=bjRIzAO-3Ac,615.0,630.0
unlabeled_youtube,مافيهش آلام ه هذوم الكل متلم وفي اختصاس واح هذيك القوة متاع الاختصاص هذي يعني انتوما المساعدة متاعكم للطبيب اللي داوي عبد بت,14.383999824523926,bjRIzAO-3Ac_42,https://www.youtube.com/watch?v=bjRIzAO-3Ac,630.0,645.0
unlabeled_youtube,عندو كنسغ ولامتستاز ولا غيرو نتوما دوركم نكم دوي واللم تاع المروالالم تاع المري طو بق نعاود نرجع للامرات اسرن,14.968000411987305,bjRIzAO-3Ac_43,https://www.youtube.com/watch?v=bjRIzAO-3Ac,645.0,660.0
unlabeled_youtube,مر يعمل ماجيراحه ولا ي  ولا اشع د ي ولا توفم لمت ديد لكن المري اطبيب ها ب يبد معناه,15.0,bjRIzAO-3Ac_44,https://www.youtube.com/watch?v=bjRIzAO-3Ac,660.0,675.0
unlabeled_youtube,من يزمو نهار جي يسادلاما يسيبالمريض ذك للاختصاص متاع علج الألمحس ن فما واعي اليوم بالاختصاص هكان عند الناس,15.0,bjRIzAO-3Ac_45,https://www.youtube.com/watch?v=bjRIzAO-3Ac,675.0,690.0
unlabeled_youtube,ل عند المؤسات الطبية الاستشفائية ماال مالف معناها الناس عناها ساعات معناهامزال ما يعرفوش اللي فما اختصاص نتعلاج الالم ولا نا عن,14.968000411987305,bjRIzAO-3Ac_46,https://www.youtube.com/watch?v=bjRIzAO-3Ac,690.0,705.0
unlabeled_youtube,نعملو بل ن  فل بل وهي حاج جديد فهمتحاج جديده م برشا اناس ما عرفو هاج همت فعر,14.935999870300293,bjRIzAO-3Ac_47,https://www.youtube.com/watch?v=bjRIzAO-3Ac,705.0,720.0
unlabeled_youtube,من سفاقس وقل ا  ي المستير قلت ال  قري فيباب لخاضر التنق لاتزوم لكل سبب دمة الوال,15.0,bjRIzAO-3Ac_48,https://www.youtube.com/watch?v=bjRIzAO-3Ac,720.0,735.0
unlabeled_youtube,قل ل ا فق هر,15.0,bjRIzAO-3Ac_49,https://www.youtube.com/watch?v=bjRIzAO-3Ac,735.0,750.0
unlabeled_youtube,نسبكن متاعنطفل قريط ففاقص وقريط ف المستير وشلباب الخضرة تحس ن يف لفي التركيب لنفسيةتاتح بالعكس,15.0,bjRIzAO-3Ac_50,https://www.youtube.com/watch?v=bjRIzAO-3Ac,750.0,765.0
unlabeled_youtube,فهمتني يذيفلي أنا أذافلي فهمتني خاطر أنا تو نحكي مع صحابي نخالت أنا نسكلرامش خاطر جاي من بلاسة هذيكا ولا بلاسة هذيكا,15.0,bjRIzAO-3Ac_51,https://www.youtube.com/watch?v=bjRIzAO-3Ac,765.0,780.0
unlabeled_youtube,نانقحاج زت مبرالوالدمخ مبرت وخيمخمساح ال م,14.97599983215332,bjRIzAO-3Ac_52,https://www.youtube.com/watch?v=bjRIzAO-3Ac,780.0,795.0
unlabeled_youtube,نتفمسرن معناها تحس الي هو الفغجلرسونالتتع الصغير معاتش عنده كتعلق الشديد بالمنطقة بالمكتب بالأصدقاء وال يقويه أكثر با يكون عنده يبني علاقات بسهولة,14.991999626159668,bjRIzAO-3Ac_53,https://www.youtube.com/watch?v=bjRIzAO-3Ac,795.0,810.0
unlabeled_youtube,ويبني علقات ب زادا واحد يزميرد بالو خاطر في عمر معين هي لابرسونالتي معناها متاع الإنسان تتكون من سفر السسنراف و بعد انتي والتجارب متاعك ف,15.0,bjRIzAO-3Ac_54,https://www.youtube.com/watch?v=bjRIzAO-3Ac,810.0,825.0
unlabeled_youtube,را برفرا رت معاها عندحا نتمائك   ن اجمل الار ف ب خضر,15.0,bjRIzAO-3Ac_55,https://www.youtube.com/watch?v=bjRIzAO-3Ac,825.0,840.0
unlabeled_youtube,ن قبل كان فم لينل تحن عل ن كانت عنا إدار قوي برشاخف,15.0,bjRIzAO-3Ac_56,https://www.youtube.com/watch?v=bjRIzAO-3Ac,840.0,855.0
unlabeled_youtube,يوداخلين صباح يبدا القيم العام واقف لناس تشد الحيد تحيد فماش ذا فمتي ولا شعر تويل واحد ساعاد يش بدو ولا نتفكر شاش بدو من شعرو حو اسم لهناغدوتجيمحاج فمتي,15.0,bjRIzAO-3Ac_57,https://www.youtube.com/watch?v=bjRIzAO-3Ac,855.0,870.0
unlabeled_youtube,كنا نرعبو برشا كوربكل صراحة ديما نكورف الشارع في تحب  قريط عند أساذ كبار منهم المداني بنسالح كتسمعي,14.991999626159668,bjRIzAO-3Ac_58,https://www.youtube.com/watch?v=bjRIzAO-3Ac,870.0,885.0
unlabeled_youtube,لق  قالمر عبد ل,15.0,bjRIzAO-3Ac_59,https://www.youtube.com/watch?v=bjRIzAO-3Ac,885.0,900.0
unlabeled_youtube,طبيب مختص في مداوات الألم زلنا نحكي معا على ابحقوغ متاعه على تجربته في الاختصاص هدايا للاختصاص اللا تبي نمشي القابل لنقاش,15.0,bjRIzAO-3Ac_60,https://www.youtube.com/watch?v=bjRIzAO-3Ac,900.0,915.0
unlabeled_youtube,م مر خرى نشكرك على قبول الدعوة في قبل انقاش نضرحو بعض الموعقش فهمع ذيفنا ونتي رئيس الجمعية التنسية لدراسة وعلاج اللمالهد,15.0,bjRIzAO-3Ac_61,https://www.youtube.com/watch?v=bjRIzAO-3Ac,915.0,930.0
unlabeled_youtube,ن ل اصا فالخارج لا اختصاولا مزال ليوم من   في روا اختصام وك ا فالمم,15.0,bjRIzAO-3Ac_62,https://www.youtube.com/watch?v=bjRIzAO-3Ac,930.0,945.0
unlabeled_youtube,علج لمنا ستدعيت الرئيس تع الجمعيةتع فرنسا تعلج الم وهو يقري في ه دلغ في الفكللكنمزاا,15.0,bjRIzAO-3Ac_63,https://www.youtube.com/watch?v=bjRIzAO-3Ac,945.0,960.0
unlabeled_youtube,ستاف علاج اللما اااختصاتقر,15.0,bjRIzAO-3Ac_64,https://www.youtube.com/watch?v=bjRIzAO-3Ac,960.0,975.0
unlabeled_youtube,ول أهم حاجة أنو يتقرى حتى كان الوقت الحاذر يولي كفائة مسالش رانترحت سؤال علالعميدة عرئيس عمات الأطبا,15.0,bjRIzAO-3Ac_65,https://www.youtube.com/watch?v=bjRIzAO-3Ac,975.0,990.0
unlabeled_youtube,ق ن ق   ق,15.0,bjRIzAO-3Ac_66,https://www.youtube.com/watch?v=bjRIzAO-3Ac,990.0,1005.0
unlabeled_youtube,ل      ل      عمين ولعام   دد مي,15.0,bjRIzAO-3Ac_67,https://www.youtube.com/watch?v=bjRIzAO-3Ac,1005.0,1020.0
unlabeled_youtube,االطبيب الإحساس بالألم هو احساس ذاتي شخص يشعر بيا   معناها نا نشعر بالألم هذاك الناسلكل عها قدرة,15.0,bjRIzAO-3Ac_68,https://www.youtube.com/watch?v=bjRIzAO-3Ac,1020.0,1035.0
unlabeled_youtube,تصورلك اللم تانهاتعبرل عل ا نمت لقالك نجم لع حساس اللم شقعنش ف,14.887999534606934,bjRIzAO-3Ac_69,https://www.youtube.com/watch?v=bjRIzAO-3Ac,1035.0,1050.0
unlabeled_youtube,فما متيت غلات هك صغيرة تعتيههو يعمل كرر منسفر العشرس وجع متوسط  العشر وجاع قوية عل لخر هاذيا سلشافيزا انالوجيح ننفما بالكلا,14.935999870300293,bjRIzAO-3Ac_70,https://www.youtube.com/watch?v=bjRIzAO-3Ac,1050.0,1065.0
unlabeled_youtube,عيف عمتوس قوع ع احداحد من,15.0,bjRIzAO-3Ac_71,https://www.youtube.com/watch?v=bjRIzAO-3Ac,1065.0,1080.0
unlabeled_youtube,نعلها للناال متهمش لشا اف نلوي نعملها للصار نعلها لنا الكبارا,15.0,bjRIzAO-3Ac_72,https://www.youtube.com/watch?v=bjRIzAO-3Ac,1080.0,1095.0
unlabeled_youtube,نا هاق خر ساعات نقولو فلان شكاع ولا الوجيع الي نا تجع منها برشا تنجبكيني اختنجمت يق,15.0,bjRIzAO-3Ac_73,https://www.youtube.com/watch?v=bjRIzAO-3Ac,1095.0,1110.0
unlabeled_youtube,تقعد فك موضوعي تاانفيقبيهالوشكاعجع هي  لخر ف نفس الم,15.0,bjRIzAO-3Ac_74,https://www.youtube.com/watch?v=bjRIzAO-3Ac,1110.0,1125.0
unlabeled_youtube,ج قوي عيف متوس و قعد جا قدامك عالكرس كمري لكالم قعد ولا ج ولايحك ولك سب ولا يعمل جمسمنين,15.0,bjRIzAO-3Ac_75,https://www.youtube.com/watch?v=bjRIzAO-3Ac,1125.0,1140.0
unlabeled_youtube,فه هذك دجا حنا تقدر ما شي خبر ا تخلي تعرفر عند ع قوي متوسط ولاضعيف  ك نمن,15.0,bjRIzAO-3Ac_76,https://www.youtube.com/watch?v=bjRIzAO-3Ac,1140.0,1155.0
unlabeled_youtube,بين انكم تخفو الألم بين نكم ماتخليوش لمريض اتيح في اادمان على الحراب  ن لج موضوع حسا,15.0,bjRIzAO-3Ac_77,https://www.youtube.com/watch?v=bjRIzAO-3Ac,1155.0,1170.0
unlabeled_youtube,متاناد لجي هش متع ادمان الي الاستعمال متاهم هو لللام ما عملوش ادمان ا كان طبيب يعرف فا يستعملهم ما عملوش ادمان,14.984000205993652,bjRIzAO-3Ac_78,https://www.youtube.com/watch?v=bjRIzAO-3Ac,1170.0,1185.0
unlabeled_youtube,نيعملو ادمان يعملو ادمان عند الناس اللي تستعملها وهي معدهاش آلام فمتي خاطر فما أنواعفما أنواع متا حرابش اللي تعمل ادمان ولي الا غالبيلزمني نقولها الصيداليات,14.944000244140625,bjRIzAO-3Ac_79,https://www.youtube.com/watch?v=bjRIzAO-3Ac,1185.0,1200.0
unlabeled_youtube,يع فيها منغير ردن ولا مر حف الدمان نا ن سعاد نعش من ق  لا سم مك خذ با كامن نع ت,14.960000038146973,bjRIzAO-3Ac_80,https://www.youtube.com/watch?v=bjRIzAO-3Ac,1200.0,1215.0
unlabeled_youtube,ه ت ل ر كل وم م لام سم  ع,15.0,bjRIzAO-3Ac_81,https://www.youtube.com/watch?v=bjRIzAO-3Ac,1215.0,1230.0
unlabeled_youtube,ا     تدي قوى   ل الل ا ه,15.0,bjRIzAO-3Ac_82,https://www.youtube.com/watch?v=bjRIzAO-3Ac,1230.0,1245.0
unlabeled_youtube,كان بالوف الطبير ف وفما دوي جدد لدلا تت وبش ندخلوفي الا الهم بخ بالين وابا ي الل يعملو دمان ف ذاامعيهمش طبيب,15.0,bjRIzAO-3Ac_83,https://www.youtube.com/watch?v=bjRIzAO-3Ac,1245.0,1260.0
unlabeled_youtube,اطبيب الالم دور مهم جدا فيان يعتي دواء الليم عملش ادمان للمري ناحيلو لوجيها فقط ما يعملش ادمان مادام هو يستعمل في الغاية معينة للالام اي,15.0,bjRIzAO-3Ac_84,https://www.youtube.com/watch?v=bjRIzAO-3Ac,1260.0,1275.0
unlabeled_youtube,ابالنسبة اللي علاج الالم في تونس معناكف اشتر مستقبلو الامكانيات وزاد اليوم بالنسب للأطبا شنو الاشكاليات رب,14.984000205993652,bjRIzAO-3Ac_85,https://www.youtube.com/watch?v=bjRIzAO-3Ac,1275.0,1290.0
unlabeled_youtube,ا في علق بالمؤساف فالرا   لا  ع معاها  نش,15.0,bjRIzAO-3Ac_86,https://www.youtube.com/watch?v=bjRIzAO-3Ac,1290.0,1305.0
unlabeled_youtube,نمامثلا وقت اللي فما نقص في الأدوية هزيت روحي مشيت قبلت مدير سيدلية المركزية ومشيتقبلت سيد وزير صح ولا مشيتلوفنا,14.616000175476074,bjRIzAO-3Ac_87,https://www.youtube.com/watch?v=bjRIzAO-3Ac,1305.0,1320.0
unlabeled_youtube,لمتمر ا ل ق م نق  في د معي ج  الحاج ان ن فجر كا,15.0,bjRIzAO-3Ac_88,https://www.youtube.com/watch?v=bjRIzAO-3Ac,1320.0,1335.0
unlabeled_youtube,فرنسا مشمش معناه فرنسا مش ربير بالنسبه ليا ما عندهم تقريب متين وخمس وسين كنسل دولار فعلى كل الوحد معنا نجمو نجمو نعملو الر فيال,15.0,bjRIzAO-3Ac_89,https://www.youtube.com/watch?v=bjRIzAO-3Ac,1335.0,1350.0
unlabeled_youtube,ر     ا ق,15.0,bjRIzAO-3Ac_90,https://www.youtube.com/watch?v=bjRIzAO-3Ac,1350.0,1365.0
unlabeled_youtube,با تكون فما وحدات أخرى ولا بايتم تعميمصاعات في لسي د كسينولوجيا فيسو في فق فيماكن خرى,15.0,bjRIzAO-3Ac_91,https://www.youtube.com/watch?v=bjRIzAO-3Ac,1365.0,1380.0
unlabeled_youtube,اب  ملكل شي  ا,15.0,bjRIzAO-3Ac_92,https://www.youtube.com/watch?v=bjRIzAO-3Ac,1380.0,1395.0
unlabeled_youtube,ل خا عا اللم الساسفي  قبلسار مع  لمبل,15.0,bjRIzAO-3Ac_93,https://www.youtube.com/watch?v=bjRIzAO-3Ac,1395.0,1410.0
unlabeled_youtube,حنا في لوعاعالسبوع القبلو والأسبوع جا مش القوم مشاكل كبيرة خاطر الادوة القوية ع ل  مفني ع,15.0,bjRIzAO-3Ac_94,https://www.youtube.com/watch?v=bjRIzAO-3Ac,1410.0,1425.0
unlabeled_youtube,خطيكم معتفم حاد شي فما كان لمافين انج كتابل اللي وحدها ماتكفيش فمتني منامش فهمي علي الدوهذي معناهاا,15.0,bjRIzAO-3Ac_95,https://www.youtube.com/watch?v=bjRIzAO-3Ac,1425.0,1440.0
unlabeled_youtube,مع م     مفا  لل م عا   منم  ال ن خرو باا خطر دا ير كاف ذاكان لنا ل,15.0,bjRIzAO-3Ac_96,https://www.youtube.com/watch?v=bjRIzAO-3Ac,1440.0,1455.0
unlabeled_youtube,مفن  افلح  ط ك فالفال,15.0,bjRIzAO-3Ac_97,https://www.youtube.com/watch?v=bjRIzAO-3Ac,1455.0,1470.0
unlabeled_youtube,نبش علك معناها بالنسبة ليك محتاجين للأدوية الوعي أكثر زاد الليفهمت من طرف الناس بأهميةلين هذياولا بالنسبليك نت م يكونفما وعي بالديلين هاذي ومكانتها,15.0,bjRIzAO-3Ac_98,https://www.youtube.com/watch?v=bjRIzAO-3Ac,1470.0,1485.0
unlabeled_youtube,في المستشفا بالنسب للدوله يلزم حسبرا يعملو د ولا رامتكلف حال كبير  ماغا,15.0,bjRIzAO-3Ac_99,https://www.youtube.com/watch?v=bjRIzAO-3Ac,1485.0,1500.0
unlabeled_youtube,ا الحر      الا  ل,15.0,bjRIzAO-3Ac_100,https://www.youtube.com/watch?v=bjRIzAO-3Ac,1500.0,1515.0
unlabeled_youtube,ولا ترجيب للي واحد نتي في حياته ماتعرش الالام ولا ماجاتوشجاياا ما مش كل الالام ما هزم تكون أوجاع قوية دكتور باش نمشي  تبيب مختصف الالام ولا حتى الأوجاع لب,15.0,bjRIzAO-3Ac_101,https://www.youtube.com/watch?v=bjRIzAO-3Ac,1515.0,1530.0
unlabeled_youtube,كي فما بدا يحاول وحد فما ليمشي للصيدلي يعيه دويات نشا الله ميعهدي  ف المتار ويسلو عند قرح ثا,15.0,bjRIzAO-3Ac_102,https://www.youtube.com/watch?v=bjRIzAO-3Ac,1530.0,1545.0
unlabeled_youtube,ل,15.0,bjRIzAO-3Ac_103,https://www.youtube.com/watch?v=bjRIzAO-3Ac,1545.0,1560.0
unlabeled_youtube,ف تعريفك قبيلة نا نتح قلت ا ن ب عندك لا بنن ول لطبيب كيفاعي ترب تا ب,14.991999626159668,bjRIzAO-3Ac_104,https://www.youtube.com/watch?v=bjRIzAO-3Ac,1560.0,1575.0
unlabeled_youtube,ول احه حى ح,14.904000282287598,bjRIzAO-3Ac_105,https://www.youtube.com/watch?v=bjRIzAO-3Ac,1575.0,1590.0
unlabeled_youtube,ما حتى واحد محب يعمل متسين ومحمدولا مانا كانو بقرايا بالقدا واكي جيو يقولولي بهنا فشواء باش نعملو نقلو بخويا لي نمشي معاكم برا امشي واحدك تصرف,14.831999778747559,bjRIzAO-3Ac_106,https://www.youtube.com/watch?v=bjRIzAO-3Ac,1590.0,1605.0
unlabeled_youtube,ارا حب    عمل      بد عمل,14.887999534606934,bjRIzAO-3Ac_107,https://www.youtube.com/watch?v=bjRIzAO-3Ac,1605.0,1620.0
unlabeled_youtube,م ر في فرن لدي لخر عملفنم,15.0,bjRIzAO-3Ac_108,https://www.youtube.com/watch?v=bjRIzAO-3Ac,1620.0,1635.0
unlabeled_youtube,ن همشينشين سمع ف العسر هذي نشعرف,15.0,bjRIzAO-3Ac_109,https://www.youtube.com/watch?v=bjRIzAO-3Ac,1635.0,1650.0
unlabeled_youtube,له فرحن مند حا,15.0,bjRIzAO-3Ac_110,https://www.youtube.com/watch?v=bjRIzAO-3Ac,1650.0,1665.0
unlabeled_youtube,د م    نعسو عا كبير  لبذ د,15.0,bjRIzAO-3Ac_111,https://www.youtube.com/watch?v=bjRIzAO-3Ac,1665.0,1680.0
unlabeled_youtube,ابكوريا  فرحنال عنها  يمات جملباه دكت ب فض تعرفنا على الجانب شوي من حيا متاع لم شي للر,15.0,bjRIzAO-3Ac_112,https://www.youtube.com/watch?v=bjRIzAO-3Ac,1680.0,1695.0
unlabeled_youtube,الرتري دكتور جملة من الأسلا ذكر الي معنا دكتر مرشد عبد,15.0,bjRIzAO-3Ac_113,https://www.youtube.com/watch?v=bjRIzAO-3Ac,1695.0,1710.0
unlabeled_youtube,مختص في مداوات اللام دكتور نطرح ليك جمل من السأله وجاوبنا علهم في عقلك بزرب كما تحب يفم واسم رتر تونسي لومكن ي,15.0,bjRIzAO-3Ac_114,https://www.youtube.com/watch?v=bjRIzAO-3Ac,1710.0,1725.0
unlabeled_youtube,ف مداوات اللم شنكنت تختار كاختصاص كان متب,14.272000312805176,bjRIzAO-3Ac_115,https://www.youtube.com/watch?v=bjRIzAO-3Ac,1725.0,1740.0
unlabeled_youtube,نمن نمن تمل ما بعهم تبو  ادار ق ختارتفحيات فه  لزمني ن,14.984000205993652,bjRIzAO-3Ac_116,https://www.youtube.com/watch?v=bjRIzAO-3Ac,1740.0,1755.0
unlabeled_youtube,لي مامش ماللول حطيت في موخي اللي أنا باش نغرامي الكوره ماهيش حاجه اللي باش تعيش بيها وتعيش منها فمتي خاطرحنا في وخد من الوقات مكانش فمع الرفسن ليم كل,14.631999969482422,bjRIzAO-3Ac_117,https://www.youtube.com/watch?v=bjRIzAO-3Ac,1755.0,1770.0
unlabeled_youtube,فت لو حتىبالرفسيونلزم ما كريارو صغيرة لهابكورت القدما كريرو صغيره كرير صغيره أما لا فما امسلا قبل ا اللي كانو يقراو كيما هاش ميلوحشي كيما حامد كمون كيما سكندر سويا,14.944000244140625,bjRIzAO-3Ac_118,https://www.youtube.com/watch?v=bjRIzAO-3Ac,1770.0,1785.0
unlabeled_youtube,وماكاو قرا كما زيات المساني نشحوفيقريتها مف رياضة متاح مفهتني فيوقت م لوقا طري با تختارختارتطب لماكنتش عمل ه رياش عمل كرير ما كنت مغروم برشانمي,15.0,bjRIzAO-3Ac_119,https://www.youtube.com/watch?v=bjRIzAO-3Ac,1785.0,1800.0
unlabeled_youtube,س م عمر خمس سنين من  الويلغلمكل ها ب بعد اختصاصك في مدوات الألم نظر تكو إحساسك بالألم هما بيدهم ولا تغير,14.37600040435791,bjRIzAO-3Ac_120,https://www.youtube.com/watch?v=bjRIzAO-3Ac,1800.0,1815.0
unlabeled_youtube,بعد لتصيط في أنك الداوي الناس م الألم والألام اللي تجاهم انت احساسك بالألم نت وقت لجاكجاع تعرفاحساسك بها تغير تعلمت حاجات جديد,14.880000114440918,bjRIzAO-3Ac_121,https://www.youtube.com/watch?v=bjRIzAO-3Ac,1815.0,1830.0
unlabeled_youtube,رف عرنحمل أكثر اللام إنسانيفهم لجع وسبابها في ال ن يتحملها  نتحملأك,15.0,bjRIzAO-3Ac_122,https://www.youtube.com/watch?v=bjRIzAO-3Ac,1830.0,1845.0
unlabeled_youtube,كر اللامل ن شكانصلن ا  تحمل ك  جف ق,15.0,bjRIzAO-3Ac_123,https://www.youtube.com/watch?v=bjRIzAO-3Ac,1845.0,1860.0
unlabeled_youtube,االلام النس ساعام بعه قللك اللام لدل  اللام الحاد ل   ن,14.968000411987305,bjRIzAO-3Ac_124,https://www.youtube.com/watch?v=bjRIzAO-3Ac,1860.0,1875.0
unlabeled_youtube,اللام المزمن    ل   ها لام   ش    ل,14.67199993133545,bjRIzAO-3Ac_125,https://www.youtube.com/watch?v=bjRIzAO-3Ac,1875.0,1890.0
unlabeled_youtube,ه ملالجمع هكنفهم كثر لجا المدوات متافيرفة المري ا,14.95199966430664,bjRIzAO-3Ac_126,https://www.youtube.com/watch?v=bjRIzAO-3Ac,1890.0,1905.0
unlabeled_youtube,وقت تبدا في غرفة شخص مريدو عندو أوجاع شنو ليغلب الطبيب ولا الإنسان اللي فيكسل صعي برشا هذ فمت على خاطر ولا لكثري الطبيب,15.0,bjRIzAO-3Ac_127,https://www.youtube.com/watch?v=bjRIzAO-3Ac,1905.0,1920.0
unlabeled_youtube,طبيب خاطر تعرضت االحالاة السعيبة خاطر كا في اظهر هكا سبيالتي ودولار اي محلاها ودرشنوماديما نحكي عى الآلام سراطنية خاطر تعرضلها بش,15.0,bjRIzAO-3Ac_128,https://www.youtube.com/watch?v=bjRIzAO-3Ac,1920.0,1935.0
unlabeled_youtube,فدمتي وخاتر الام قوية فهت ساعات المريض يخرج العايلة الي بحذه باش نقولها ويقوللك دكتور عمل حل خلينوفحيتي,15.0,bjRIzAO-3Ac_129,https://www.youtube.com/watch?v=bjRIzAO-3Ac,1935.0,1950.0
unlabeled_youtube,ها  قلن يلب الطبيب لالنسان  نا ما يلب الطبيب جم  نل,15.0,bjRIzAO-3Ac_130,https://www.youtube.com/watch?v=bjRIzAO-3Ac,1950.0,1965.0
unlabeled_youtube,ا با تعرف الل ساعات لت لا دل لا سفا ما    ص بالسان,15.0,bjRIzAO-3Ac_131,https://www.youtube.com/watch?v=bjRIzAO-3Ac,1965.0,1980.0
unlabeled_youtube,ل   ال لشاصه ل ل,15.0,bjRIzAO-3Ac_132,https://www.youtube.com/watch?v=bjRIzAO-3Ac,1980.0,1995.0
unlabeled_youtube,ال  ق,15.0,bjRIzAO-3Ac_133,https://www.youtube.com/watch?v=bjRIzAO-3Ac,1995.0,2010.0
unlabeled_youtube,اا   قالرالخيقد لر ققخفلف فلانل,14.991999626159668,bjRIzAO-3Ac_134,https://www.youtube.com/watch?v=bjRIzAO-3Ac,2010.0,2025.0
unlabeled_youtube,عند مرا قبا عند قم ت عند ال تاع ا  لقف بل  انعرف  عرف نبن حي,14.968000411987305,bjRIzAO-3Ac_135,https://www.youtube.com/watch?v=bjRIzAO-3Ac,2025.0,2040.0
unlabeled_youtube,ق  عا    ا,14.97599983215332,bjRIzAO-3Ac_136,https://www.youtube.com/watch?v=bjRIzAO-3Ac,2040.0,2055.0
unlabeled_youtube,ن ال      د ق م حس ق  حسن م تق لن القانون معند الحق ا تبي عل ذ بن هو يحك ف,14.760000228881836,bjRIzAO-3Ac_137,https://www.youtube.com/watch?v=bjRIzAO-3Ac,2055.0,2070.0
unlabeled_youtube,تما بر اختارات إنساني ف في العمل عاحر ابيسع ر السان,14.62399959564209,bjRIzAO-3Ac_138,https://www.youtube.com/watch?v=bjRIzAO-3Ac,2070.0,2085.0
unlabeled_youtube,ا   تعد عل بش   تون نقوي ذش  بش يا  م ر خ فلي كر ش ها الك,15.0,bjRIzAO-3Ac_139,https://www.youtube.com/watch?v=bjRIzAO-3Ac,2085.0,2100.0
unlabeled_youtube,فمت بامعا باش تنس نهار هذك بشجي نهارر دو ت ساعات نهار وحد ساحبتسع تعيل معا ل دي قش بكماشفتهمش,14.991999626159668,bjRIzAO-3Ac_140,https://www.youtube.com/watch?v=bjRIzAO-3Ac,2100.0,2115.0
unlabeled_youtube,لو عندك قوة خارقة نجب داوي بها الإنسانية من جعةل,15.0,bjRIzAO-3Ac_141,https://www.youtube.com/watch?v=bjRIzAO-3Ac,2115.0,2130.0
unlabeled_youtube,ها اا          ملدي الف  بي,15.0,bjRIzAO-3Ac_142,https://www.youtube.com/watch?v=bjRIzAO-3Ac,2130.0,2145.0
unlabeled_youtube,هاكان داو يحد هكا في الوضعية هادي وانتي تعرفو قريبلك عزيز عليك ولا يجات هي حالات معناه ديكوزان معنها,15.0,bjRIzAO-3Ac_143,https://www.youtube.com/watch?v=bjRIzAO-3Ac,2145.0,2160.0
unlabeled_youtube,كوزعاديكوزين داويتهمستا فاسيل ستخي د تخي د هنك تعرف المقال متاع الحكايه شنيا وتالغزره كيتغزلو لا مريد ويغزلك همتي ستخي د,14.807999610900879,bjRIzAO-3Ac_144,https://www.youtube.com/watch?v=bjRIzAO-3Ac,2160.0,2175.0
unlabeled_youtube,ا ل اليعمرع مرقت ان عمر تتذكرو ناف س,14.855999946594238,bjRIzAO-3Ac_145,https://www.youtube.com/watch?v=bjRIzAO-3Ac,2175.0,2190.0
unlabeled_youtube,ولا ش قلو قلو ما  ختارت ثني صحيحة بكل سراحة ف  بش قلو وسل ف,15.0,bjRIzAO-3Ac_146,https://www.youtube.com/watch?v=bjRIzAO-3Ac,2190.0,2205.0
unlabeled_youtube,الر  ر ن  خطر عندهابر ف,14.97599983215332,bjRIzAO-3Ac_147,https://www.youtube.com/watch?v=bjRIzAO-3Ac,2205.0,2220.0
unlabeled_youtube,ا ال خ المع ه ف ر   كر الكر,14.97599983215332,bjRIzAO-3Ac_148,https://www.youtube.com/watch?v=bjRIzAO-3Ac,2220.0,2235.0
unlabeled_youtube,رر,15.0,bjRIzAO-3Ac_149,https://www.youtube.com/watch?v=bjRIzAO-3Ac,2235.0,2250.0
unlabeled_youtube,معهاذي البات جي مبر رمعشكون حسيلو يعني شي دوخ يعني ناس معناها ميترو نص عترا مايفحش ما يهبتش اللوتا,14.95199966430664,bjRIzAO-3Ac_150,https://www.youtube.com/watch?v=bjRIzAO-3Ac,2250.0,2265.0
unlabeled_youtube,فهمتني ناس لابسامليح تقول هدو ما باشي المسرح كلقازون بتاحهم لربيتر امبوزان حكا قويه لربيتر حنا ربيتر بدي سمحني في الكلمة شلكو فيه غير عادي فهمتني معلي,14.607999801635742,bjRIzAO-3Ac_151,https://www.youtube.com/watch?v=bjRIzAO-3Ac,2265.0,2280.0
unlabeled_youtube,تفر فما  ه بع تر ترفم فتون  احد   ح,14.935999870300293,bjRIzAO-3Ac_152,https://www.youtube.com/watch?v=bjRIzAO-3Ac,2280.0,2295.0
unlabeled_youtube,انفم ك ب كيفاش تخلص من كل الآلام اللي تشوفها بصيفة يومية في العمل المتاعك شنو حاجة الي تمكنك من نك تنسهذا لكل,15.0,bjRIzAO-3Ac_153,https://www.youtube.com/watch?v=bjRIzAO-3Ac,2295.0,2310.0
unlabeled_youtube,ولا أن تفرج في برشا فلا تفرج سستماتيك مافي الخبار ثمني ماش متاع دونس وتفرج ف و نحطفيلم,15.0,bjRIzAO-3Ac_154,https://www.youtube.com/watch?v=bjRIzAO-3Ac,2310.0,2325.0
unlabeled_youtube,لم فليل تفري فيل صحا نحطلوحدات التوانسا تعشوف يحلوواحد يقعد يتفرج فياذمحياتوكامل,15.0,bjRIzAO-3Ac_155,https://www.youtube.com/watch?v=bjRIzAO-3Ac,2325.0,2340.0
unlabeled_youtube,,15.0,bjRIzAO-3Ac_156,https://www.youtube.com/watch?v=bjRIzAO-3Ac,2340.0,2355.0
unlabeled_youtube,احناحبرشا الفلام أي مسرحي جديد نمشي تفرفيها توسي  فيلم جديد مال مامشش تفرتف الفلادد جاد وبرسل قللي ا كاسح شوي,14.984000205993652,bjRIzAO-3Ac_157,https://www.youtube.com/watch?v=bjRIzAO-3Ac,2355.0,2370.0
unlabeled_youtube,مال عشن الموضوع لا هذا كيفا هكما تشوفش اللامقعد كان دايلمر تاعك باللا ما,15.0,bjRIzAO-3Ac_158,https://www.youtube.com/watch?v=bjRIzAO-3Ac,2370.0,2385.0
unlabeled_youtube,ن لجانبالعالم تال,15.0,bjRIzAO-3Ac_159,https://www.youtube.com/watch?v=bjRIzAO-3Ac,2385.0,2400.0
unlabeled_youtube,على كل هذي اللتوضيحات على المجال هك الاختصاص هذا الغريب شوي كمام مداوات الألم كفاش كتشفناه بفضل كنت شكرا الدكتور يعتيك صح حياليك مل لكالكل مرون في الخراج أشواق في الاخراج الرقمي,15.0,bjRIzAO-3Ac_160,https://www.youtube.com/watch?v=bjRIzAO-3Ac,2400.0,2415.0
unlabeled_youtube,كرمي في الإهداد والتنسيخ نلقابل جمعة جي شاء الل فلنسلاما,10.194700241088867,bjRIzAO-3Ac_161,https://www.youtube.com/watch?v=bjRIzAO-3Ac,2415.0,2425.1947
unlabeled_youtube,ريحة رمضان على مزي كلفا سنيا بلشيخ كتبة الدولة السحةمحب,14.887999534606934,AQvfenACz1g_0,https://www.youtube.com/watch?v=AQvfenACz1g,0.0,15.0
unlabeled_youtube,شكرا مارحبي بيك وشكرا عى الاستضافة ومارحبيبكل مستمعي مزاي كفايعتيك سحيللا شكرا ك على قبول للدعوة أيضا نخل نتحثو على الوضعية اللي جدة مؤخرا بعد نداء طبيب عل نفاذ مخدر,14.871999740600586,AQvfenACz1g_1,https://www.youtube.com/watch?v=AQvfenACz1g,15.0,30.0
unlabeled_youtube,داياغ اللي نجمو يعمل بها العمليات من غير المخدر هذاك ما نجمش يعملو العملية اسيد يوسف الشاهد اليوم كان موجود في المستشفى امتاع السبيتار اللي هو عبد الرحمان مامي في أريان,14.423999786376953,AQvfenACz1g_2,https://www.youtube.com/watch?v=AQvfenACz1g,30.0,45.0
unlabeled_youtube,والسيدة لي المركزية منجيها تقول وأنو الدواء متف متوفر ومنجيها أخرى الأطبقي قلك ماش متوفر وأنا كانحفهما حاجة نقصتني حتى فاصما معناا مانجوش نعمل    نجوش نعملب,14.640000343322754,AQvfenACz1g_3,https://www.youtube.com/watch?v=AQvfenACz1g,45.0,60.0
unlabeled_youtube,شكرا ل انا توجيدكم كنت في مجلس وزاري مديق شرفعلي سيد رعيس الحكومة كنسنا لستايو فننسا منتبتاع السيد لي المركزية,14.687999725341797,AQvfenACz1g_4,https://www.youtube.com/watch?v=AQvfenACz1g,60.0,75.0
unlabeled_youtube,المؤسسات الاستشفائية العمومية لذا بر مدير الي ملاتكحكوم ننت رتيكلار ووزارة الصحة بن سر حبيت نقل كمين راومش نجيوبع السؤال امتاعك,14.824000358581543,AQvfenACz1g_5,https://www.youtube.com/watch?v=AQvfenACz1g,75.0,90.0
unlabeled_youtube,هو قبل حتى صيحة لفزاع ت ادكتور فوزي عداد الاشكاليات هذيا اطرحت بالنسبة لدوا موجود مش وجود احنا مش تشخيص نعرفوه ونصنفوه اللي هوفم,14.631999969482422,AQvfenACz1g_6,https://www.youtube.com/watch?v=AQvfenACz1g,90.0,105.0
unlabeled_youtube,ع م أدوية اللي هي بالحق مش موجودة مجموعة م أدوا الليهي موجودة بكمير اناقصة ومجموعة م أدوية اللي هي معنات موجودة في السوق كيلف عدت ولا قل شوي متوفرها,14.904000282287598,AQvfenACz1g_7,https://www.youtube.com/watch?v=AQvfenACz1g,105.0,120.0
unlabeled_youtube,كوزارة صحة عن معناته قعدين نشتغلو على لتوفير معناتها ادوايات هاذما مناش قعدين مربعين دين ساخت وديما راهو منيش مش نر الوقول الي هو الدوا,15.0,AQvfenACz1g_8,https://www.youtube.com/watch?v=AQvfenACz1g,120.0,135.0
unlabeled_youtube,موجود متوفر وهنا ماذا بيا كان ما نحكيش كان عدوا فما زادا المستلزمات الطبية لكسماب ا نحكي عليك تحكينتي على فاسم على دغيبف خت شفناوفي ا  حت متسور,14.680000305175781,AQvfenACz1g_9,https://www.youtube.com/watch?v=AQvfenACz1g,135.0,150.0
unlabeled_youtube,التشخيص معروف ماناش باش نزيد نحكي وعليه ما توى يلزمنا نمشي فاغ الحلول شنو الحل الحل للأزمة هذيا   س,14.880000114440918,AQvfenACz1g_10,https://www.youtube.com/watch?v=AQvfenACz1g,150.0,165.0
unlabeled_youtube,جست قبل لمن بختر كثر لغط طوى انتي سنفتلي وكنت واضح قلت فما أدويا مش موجودة تمامافما أدوية ناقصة وفما أدوية متوفرة او أحيانا بقلا ه,15.0,AQvfenACz1g_11,https://www.youtube.com/watch?v=AQvfenACz1g,165.0,180.0
unlabeled_youtube,المتوفرة لمواء اأدوية الغير متوفرة تماماوية السكري وذغت الدم التخدير وأصنيف من المذادرات الحيوية وحبوب منع الحمل وعدد من الأدوية العادية للأمراض السرتانية,14.944000244140625,AQvfenACz1g_12,https://www.youtube.com/watch?v=AQvfenACz1g,180.0,195.0
unlabeled_youtube,ساعة الأمراض السرة تنية هذاك فما ز عنتمسطر ونفما سنديق الاجتماعية اللي تدخل فيهم عتخذيغ الكلاملو في ناص منطاحهم وداغ لمريث بالنسبة الأدوي ذوما ياخذها مل لك ولكني,14.37600040435791,AQvfenACz1g_13,https://www.youtube.com/watch?v=AQvfenACz1g,195.0,210.0
unlabeled_youtube,ع اا      ف نال فال ه قول شنب الحلو ش خطر تشي نعرف,15.0,AQvfenACz1g_14,https://www.youtube.com/watch?v=AQvfenACz1g,210.0,225.0
unlabeled_youtube,احد نكل قال لي فما كل شي مورنا واضحا م تشخيص قطط موجود قادين معناتها كوزارة نخدم على حل المشاكل هذيا تو وصن لمرحلة اللي كدول,15.0,AQvfenACz1g_15,https://www.youtube.com/watch?v=AQvfenACz1g,225.0,240.0
unlabeled_youtube,اعل خاطر ناكج حد يقول الأدوياة السكري وغت الدم والتخدير أصناف من المضاداة الحيوية وحبوب منع الحمل وعدد من الدوةالمراض السرتنية مهيش متوفرةفي تونس ماحديقوليحبيعرف المعلومةكاف,15.0,AQvfenACz1g_16,https://www.youtube.com/watch?v=AQvfenACz1g,240.0,255.0
unlabeled_youtube,فما دويات نا منجمش نسميهملمدكدوت السكرير وفما ساعكون خ الحراب كون خسي,14.831999778747559,AQvfenACz1g_17,https://www.youtube.com/watch?v=AQvfenACz1g,255.0,270.0
unlabeled_youtube,جا ف الحرب ع  فيهم برشا ناع اع معناتها دويات البف كيف مقلت اللي حنا نمشي مش قولو معناتهاشن تدخل,15.0,AQvfenACz1g_18,https://www.youtube.com/watch?v=AQvfenACz1g,270.0,285.0
unlabeled_youtube,معناتها اليوم مت في المجلس شنو القرارات الليخذناهم سرتو في وزارة الصحة والصيدلية المركزية هو لدانستيك والتشخيص معناتها من اهم الحاجات اللي هو نقص في السيولة بالنسبة للصيدلي المركزية,15.0,AQvfenACz1g_19,https://www.youtube.com/watch?v=AQvfenACz1g,285.0,300.0
unlabeled_youtube,كمزاودين أجانب مهم شخلصين في فلوسهم ولا لمزاودين الاجانب قعدين يخلصوا معناتا بصيفة متأخرة اللي هما بيدهم عندهم للابغتواغم تاحهم في البلدان اللي منين جايين منهم اللي هما زادا يجمو يمشي معاهم,14.944000244140625,AQvfenACz1g_20,https://www.youtube.com/watch?v=AQvfenACz1g,300.0,315.0
unlabeled_youtube,مدة أشهر لكن كتوس المرحلة همابيدهم يتقلقو لذا التزود بالنسبة لدواهذوما لجي م الخارج ماش يكون بكمية أنقصعندك الفلوس متاعك تشري تولي معناتمعت تخ,14.815999984741211,AQvfenACz1g_21,https://www.youtube.com/watch?v=AQvfenACz1g,315.0,330.0
unlabeled_youtube,كم فبك  سيت ن بش راهو مش نكون وافحين مافماش حتى توا  لبرتار اللي هو يخدم مع تونس اجنبي بسيفة معناتقديمة معت عندو عشرات السنوات اليخدم,14.887999534606934,AQvfenACz1g_22,https://www.youtube.com/watch?v=AQvfenACz1g,330.0,345.0
unlabeled_youtube,ولي نسحب بالمرشي مش نكونو معنيتها وافحين نسحبو قال أنا تنسمش نزوادها لا ديما التزويد موجود بكميات الزغيرة الساخت وهذاك عليش هنا ماش نرجع الكميات الزغير علاش خاطر,14.887999534606934,AQvfenACz1g_23,https://www.youtube.com/watch?v=AQvfenACz1g,345.0,360.0
unlabeled_youtube,انت كن تتزود في  ولي تتزود في   ج اللي الفرماسية هذيك ترقىفها موجودة وهذيك مش موجودة لكن حنا نرجع  ل لحكم,14.760000228881836,AQvfenACz1g_24,https://www.youtube.com/watch?v=AQvfenACz1g,360.0,375.0
unlabeled_youtube,نفيها يلزم تكون عندا انفزيبلتي معناتا صغلبلا انفرماتزايون وصغلبلا مغيك ماش يولي الكفرماسي نترال كمؤسسات استشفائية عمومية تشوف غاي المش فماوش مفماش احنا كوزرة الصحي زمنا ندخلو,14.871999740600586,AQvfenACz1g_25,https://www.youtube.com/watch?v=AQvfenACz1g,375.0,390.0
unlabeled_youtube,وقت  فما لشكليا هذا نرجع بالنسبة لدويات ولي ناقصة كيف ما فماشتيلبعف للابوغتواخ اللي ديمانكد راهو ما سكر حتى لابوغاتواخ كيف ما تمتداولو ولا قلو احنا معش بشعملو مع تونس تونس,14.991999626159668,AQvfenACz1g_26,https://www.youtube.com/watch?v=AQvfenACz1g,390.0,405.0
unlabeled_youtube,وجها معناتها حتى بالنسبة للف ك تخذ مبرتان وبقدرتربي الحلول موجودة مشي كملو اخد ممعنى ديما ج اللي راهو النقس تلقاه مدة جمعة جمعتين وبعديتم عادة التزويد,15.0,AQvfenACz1g_27,https://www.youtube.com/watch?v=AQvfenACz1g,405.0,420.0
unlabeled_youtube,مرة خرى باقي لكن المواطن التوسيمحس اليفما نقس وعند الحق اليممش امواطن التوساليحس بالنقفالبيالطبي,15.0,AQvfenACz1g_28,https://www.youtube.com/watch?v=AQvfenACz1g,420.0,435.0
unlabeled_youtube,هو ما نجمش يعمل العملية على خاطر الدبوزة هاذيك صغيرة وفاتلو لكن بعد معناتها كلك زغ تم تزويد لسبيتار بالمادة هاذيك ورج تخدم معناته لنقص ك,15.0,AQvfenACz1g_29,https://www.youtube.com/watch?v=AQvfenACz1g,435.0,450.0
unlabeled_youtube,ر في مش  ثم حتى اح   م ق ق نا نتفهم   نق رفينهار ن بع نزو,14.880000114440918,AQvfenACz1g_30,https://www.youtube.com/watch?v=AQvfenACz1g,450.0,465.0
unlabeled_youtube,تعرف ومضطلعة أكثر مني انا وأكثر من ناس الكل على انسلدوبا قداش لزمها وقت باش تتحذر وقد ش لستاف يلزمو باش يحذر ولي فاصما واحده تنجم تحكم فيه وكدبوزة صغير هذيك بعد نتحذر سل,14.871999740600586,AQvfenACz1g_31,https://www.youtube.com/watch?v=AQvfenACz1g,465.0,480.0
unlabeled_youtube,نم   معنا بوز صغير ذ يب لكل شي والمري الي كانوا حظرينلبيلاعالدم خان و تحب ن كليقولو العمل وكلعا عاق ن جي علر منمي ا  اانا,15.0,AQvfenACz1g_32,https://www.youtube.com/watch?v=AQvfenACz1g,480.0,495.0
unlabeled_youtube,د لطبي معناها  ف  قيقي   نافازمة نقدمرب دينهنسلمناش قعدين مربعي ندينا هاك علمول مجي نامللا قلك را التشخيص واصيحات الفزعم,15.0,AQvfenACz1g_33,https://www.youtube.com/watch?v=AQvfenACz1g,495.0,510.0
unlabeled_youtube,الناس الكل اي عملتها ل وسمعناهم وتقبل ناهم بصد لرحب نب ماقدنام ربنديناتحر نسلد  بعدنقروح ناق د,15.0,AQvfenACz1g_34,https://www.youtube.com/watch?v=AQvfenACz1g,510.0,525.0
unlabeled_youtube,سل انت تسل لكن انا مش نجاوبك  سؤال اسكحسبرايك الدولة تنسية ولا كوزارة الصحة رتيكلما عندها لفلوس مش توفر سبيتار منش نحكي كوزارة ش حكيكمؤسسات,14.86400032043457,AQvfenACz1g_35,https://www.youtube.com/watch?v=AQvfenACz1g,525.0,540.0
unlabeled_youtube,عندها الفلوس مشتجم تشري اكل قسومبل هذاكا وهي بخلت المواطن التونسي ليتشوفي كل يوم ماحبتش تشري له الوندسا قمام معمرها ما نجمو نتصورو في الواحد كيتقلي,14.815999984741211,AQvfenACz1g_36,https://www.youtube.com/watch?v=AQvfenACz1g,540.0,555.0
unlabeled_youtube,ن نفهمك لكن زادا كفاش نحكي على نبون نس وانا عندي سبطار الديونمتاعو تجم ف  مليار هم كيفاش زت ساكلراهو هذاك عل,14.968000411987305,AQvfenACz1g_37,https://www.youtube.com/watch?v=AQvfenACz1g,555.0,570.0
unlabeled_youtube,نرجع مش نقول التشخيص نعرفوه الحلور هي اللي مهمة وأهم وتوى يلزمع تتحطى طولة بسيفة استعجالية كيف ما قلت راهو الديون اللي تراكمت على الفرماسي سنترا,14.784000396728516,AQvfenACz1g_38,https://www.youtube.com/watch?v=AQvfenACz1g,570.0,585.0
unlabeled_youtube,ولتاكمت على المؤسسات الاستشفائية خاطر زادا ما تنساج عنا بعض المؤسسات الاستشفائية هي بيدا تشري لكنسما بالمتاحة وحدا حتى مش أطرافر لفرماسي نطرا وادواجها طرافرلفرماسي الأن نحك,14.928000450134277,AQvfenACz1g_39,https://www.youtube.com/watch?v=AQvfenACz1g,585.0,600.0
unlabeled_youtube,تكيفاش منت عندها الحقاليهي ككنسمابلتشري فيهم من من مزاودين خرين خواص يكي معش تخلص المزاود الخواص ومعش تخلص لفرماسي رال فرماسي سنرال راجع بالنظر وتحت نفس سلطة الشرع,15.0,AQvfenACz1g_40,https://www.youtube.com/watch?v=AQvfenACz1g,600.0,615.0
unlabeled_youtube,والفرماسي نترال مايش تخلص في المزود الأجنبي من غاديك اللي هو قاعديجيبلها ف معناثفي الدواه هذاكا ستوت فيلوجيك الي الأزمة هذاا زادت كثرت ونرجعو لس أزمة الصندي,14.616000175476074,AQvfenACz1g_41,https://www.youtube.com/watch?v=AQvfenACz1g,615.0,630.0
unlabeled_youtube,الاجتماعية لاكن الحلول بدينا فيهم روجرسيفم امام معناتها لابريون بتاع الزاجا والمواطن التونسي ككل ماش يحس اللي فما تحسين لاكن ما هوش ماش يكون ان طوى معناتها سبعش,14.991999626159668,AQvfenACz1g_42,https://www.youtube.com/watch?v=AQvfenACz1g,630.0,645.0
unlabeled_youtube,ل تخيط خيكوطاغ بماشين فيه يخاطر المواطن ش نوا يستنى منا وحقو راهو المواطن يستنى منا يقلك ادوا يتقطاع ما يزمشي فوت لجمعه يزمني نرقاه وعندو الحق في الشي هذايك يقولو المواطن,14.751999855041504,AQvfenACz1g_43,https://www.youtube.com/watch?v=AQvfenACz1g,645.0,660.0
unlabeled_youtube,انو راهو معن من نساوش اللي ندخ اسستم دسوسط مبني أساسا حول صحط المواطن يلزمنا معناتا سا دوا جمالو بي نرجع بالنسب لقرارات تعلمج,14.920000076293945,AQvfenACz1g_44,https://www.youtube.com/watch?v=AQvfenACz1g,660.0,675.0
unlabeled_youtube,اليم القينة معت صار مجلس زاري ا صر معنات عديد الاجتماعات واخر اجتماع سنهار جمعا واجتماع اللي قبلو تعلجنا الوزارة الشون الاجتماعية ات د ك قل فيه,14.791999816894531,AQvfenACz1g_45,https://www.youtube.com/watch?v=AQvfenACz1g,675.0,690.0
unlabeled_youtube,فهمنا اللي زايد معناتا كانش نقعد بحلول لترقيعية شويا منا شوية منا لا يلزم تدخل الدولة واليوم سيد الرئيس خدار القرار هذاا اللي الدولة مش تدخل ليتوفير السيولة,14.871999740600586,AQvfenACz1g_46,https://www.youtube.com/watch?v=AQvfenACz1g,690.0,705.0
unlabeled_youtube,يل خاطر نهارت اللي الفرماسي رال تخلص المزودين فاحا دوا يرجع بخي كلك جوخ يلزب معات كننقول ا سك مليار معاتش تجم تعتيه الشهر,15.0,AQvfenACz1g_47,https://www.youtube.com/watch?v=AQvfenACz1g,705.0,720.0
unlabeled_youtube,م مرمحق اليومونسامستحقاتها مالمزاودين فالخارج النسب الفممليا,15.0,AQvfenACz1g_48,https://www.youtube.com/watch?v=AQvfenACz1g,720.0,735.0
unlabeled_youtube,معناتيديشيفكلي خاطر ما تنساش رايسلسلاكامرا مينا سان  كمل خاطر الفرماسي رال تسار الكنا سبطاراتنا يسالو لكنا والفرمسي رال تسال سبطاراتنا,15.0,AQvfenACz1g_49,https://www.youtube.com/watch?v=AQvfenACz1g,735.0,750.0
unlabeled_youtube,خ معناتها هو الحل الأجدر توف تسريع خلاص ديون الصيد لليا المركزية وتكون معناتها تدخل هذا اليون قرار أول قرار خذا سد الرئيس معناتها في اللجنة هو التوفير السيولة ل,15.0,AQvfenACz1g_50,https://www.youtube.com/watch?v=AQvfenACz1g,750.0,765.0
unlabeled_youtube,ن كترج لفلوس الفربسلرال مش هي تخلص الديون تاح فيزافي دفغنيس تج ما كان ش وخاط راه ثيقتع للبرتر,15.0,AQvfenACz1g_51,https://www.youtube.com/watch?v=AQvfenACz1g,765.0,780.0
unlabeled_youtube,دك فليمس عمرا متنحك من تونس قعدو داي يقولو فما ابتا ولا يسكرو سكرو ال ولادلبرتر اللي سكرو اللي هوما تعامل متاحهم في تونس ولشيفر دفر متاهمفيتو,14.895999908447266,AQvfenACz1g_52,https://www.youtube.com/watch?v=AQvfenACz1g,780.0,795.0
unlabeled_youtube,الزغير برشا وعندهم معنات دز لاو في غمنوفر اما ليغسبوات اللي هي الثيقة تاما في تونس والي هما معناتا فمجانب كبير منهم من فرنسا العلاقات اللي تربتنا من فرنسا معنتا أكبر برشا من الحاجات هاذوما,14.807999610900879,AQvfenACz1g_53,https://www.youtube.com/watch?v=AQvfenACz1g,795.0,810.0
unlabeled_youtube,ل ى مق كل مر لق    لش   ل  قررا  ا    ل  ل,14.767999649047852,AQvfenACz1g_54,https://www.youtube.com/watch?v=AQvfenACz1g,810.0,825.0
unlabeled_youtube,هو طلب من لجنة مش تعطي ارابو هدوا عطا ماربن ساعة معناثه مش يعتيو المقرنة متاحهم كيفاش مش نمشي للسيولة هاذيةفي هذا االتار طو خل نتحثو على ادواء وعلك المخدر اللي يتحدث عليها,15.0,AQvfenACz1g_55,https://www.youtube.com/watch?v=AQvfenACz1g,825.0,840.0
unlabeled_youtube,الطبيب ف عدا قل يصنع فيونس في لبا   عل ملك رجل عمل  مم افي البرلما ب ج,15.0,AQvfenACz1g_56,https://www.youtube.com/watch?v=AQvfenACz1g,840.0,855.0
unlabeled_youtube,مانرل ق    ر نكحكيلك قبي قلك على منظوم   مع منظوم رقمي ا هي مشتم تقلك شنية ل   ل ا,15.0,AQvfenACz1g_57,https://www.youtube.com/watch?v=AQvfenACz1g,855.0,870.0
unlabeled_youtube,تعك حوكما وهذوما لمز معنا بار القرارات اخلناهم اليوم ما ف المجلس الوزاري راه ما مز دك مين ا يلزمهم مشي,15.0,AQvfenACz1g_58,https://www.youtube.com/watch?v=AQvfenACz1g,870.0,885.0
unlabeled_youtube,المجل ه خار  ال      م ي في ا  بن  ر   ن الض    ل,15.0,AQvfenACz1g_59,https://www.youtube.com/watch?v=AQvfenACz1g,885.0,900.0
unlabeled_youtube,ايمعناها التنظيم متاع العلاقة بين النسفة لمؤسس الاستشفائية من جيه والكنام من جيهة وسنساس من جهة أخر والفرماسي سنرال من جهة خرى كين حاجة أخكايكحاجة,15.0,AQvfenACz1g_60,https://www.youtube.com/watch?v=AQvfenACz1g,900.0,915.0
unlabeled_youtube,سبعنات اليوم يزمنا نبدلو نسق التعامل بيناتهم أو طريقة جديدة في التعامل بينات محطى مانتحوش زلي في المشاكلهذي ولا منشمحقين لغف منت حتيتبنتسبعك على الاشكاليةل,14.935999870300293,AQvfenACz1g_61,https://www.youtube.com/watch?v=AQvfenACz1g,915.0,930.0
unlabeled_youtube,د سكت سويوسنتا مت الصحة والشؤون الاجتماعية العلاقة اللي متناغما مابناته عندك معناتها كصحة نلي برنبال برستات دسرفيس احنا نسديو في أكثر من,15.0,AQvfenACz1g_62,https://www.youtube.com/watch?v=AQvfenACz1g,930.0,945.0
unlabeled_youtube,دماتكقطاع عموم فالنسبة الموطني واحنا معنات  فوس تمويل الصحة والتمويل الاساسي مننجاي فما الدولةفم صديق الاجتماعية وفم المواطن,14.432000160217285,AQvfenACz1g_63,https://www.youtube.com/watch?v=AQvfenACz1g,945.0,960.0
unlabeled_youtube,المواطن اللي هو قعد يدفع من مكتوب وباسك من القرارات اللي خذاهم زاد سيد الرئيس اليوم في وسط المجلس تاعنا اليهو فما سندوق ال تم بعثو لحداث بتاعو بمقتذ قنون,14.871999740600586,AQvfenACz1g_64,https://www.youtube.com/watch?v=AQvfenACz1g,960.0,975.0
unlabeled_youtube,فالمزن ع الصندوق هذاي نو الصندوق ين معنا تجي لسغص د فنسم بتاع الصندوق ها هو ول ردي ك نسيف بلس مظرين بللصحة ال  مرين بلصحة,15.0,AQvfenACz1g_65,https://www.youtube.com/watch?v=AQvfenACz1g,975.0,990.0
unlabeled_youtube,يدخل التك في وسط الصندوق هذاي س كا بع معناها بع الصندوق ه تفعيل مش بع خطردجا موجود بمقتضا أمر معناا في قنون المالية تولي ن لصص دفنس يجب يكنحى ل,14.991999626159668,AQvfenACz1g_66,https://www.youtube.com/watch?v=AQvfenACz1g,990.0,1005.0
unlabeled_youtube,الكتسرف اللي هما مثلا كيف لعايشن اليوم نجم احنا بالصندوق هذا تم تمويلو أي برودي يكونهو نسبل مضر بصحط المواطن يلزم تسير ك عليها ويدخل في الصندوقاة,14.736000061035156,AQvfenACz1g_67,https://www.youtube.com/watch?v=AQvfenACz1g,1005.0,1020.0
unlabeled_youtube,للصحة العمومية مايدخلش في حتى صندوق وادخر معنت اسبو صندوق مساندة الصحة العمومية موجود لكن يزم يتم تفعيلواا ز م القرارات الخذناهم ي,15.0,AQvfenACz1g_68,https://www.youtube.com/watch?v=AQvfenACz1g,1020.0,1035.0
unlabeled_youtube,الاستعجالي و كيف مقلكند تدخل الدول التوفير السيول اللازم ي عند بلدمتعن   نسنفال,15.0,AQvfenACz1g_69,https://www.youtube.com/watch?v=AQvfenACz1g,1035.0,1050.0
unlabeled_youtube,واد تونسا زادا ماو يزمنا نفهم خاسيب لابرار تنسا زادا من القرارات اللي خذاهم سيد الرئيس قال راهو بار قبيل ب لوت تسريع في اصلاح صنديق الاجتماعية كذ ما تقول ها العال,15.0,AQvfenACz1g_70,https://www.youtube.com/watch?v=AQvfenACz1g,1050.0,1065.0
unlabeled_youtube,معنا كفاش ل ن  ك  نرجع زاد المصنعي الأدوي توانسا اليوم في القرارات الي تخذاو الي هو يلزم يتم تجحم معنا بف الاليات هك,15.0,AQvfenACz1g_71,https://www.youtube.com/watch?v=AQvfenACz1g,1065.0,1080.0
unlabeled_youtube,ا ل   معها قل الرجل   ل ل المستثمر  في بلد والمسنع يحس رح  ل ل  مراه دول اله تشع ف   ل,15.0,AQvfenACz1g_72,https://www.youtube.com/watch?v=AQvfenACz1g,1080.0,1095.0
unlabeled_youtube,اليم بعض الدوالمصنعةف  عن تجم تقول لكن ن نعرفو ال نا معنا سبل كانم كون مصنع تونس عنددوا في وس المصنت,15.0,AQvfenACz1g_73,https://www.youtube.com/watch?v=AQvfenACz1g,1095.0,1110.0
unlabeled_youtube,ويعرف مواطن كيفو كيفو منتول بلاد وتونسي ومهوش مش يقد يقلك لام لفري كان بالفلوس يصيرو  دت واحد ومشكورين شك فلرسيت يقلك حناهنابد تفر الدوات,14.968000411987305,AQvfenACz1g_74,https://www.youtube.com/watch?v=AQvfenACz1g,1110.0,1125.0
unlabeled_youtube,ريبااذا كنت تصلح المشل تاع الفلوس انا متأكدر لي بقدر رابيد معناتكال كسمانت غا غادع الخطسائل تعطمنا احنا مناش مش نستناو حتى لين لفلوس م تتصب مش خلص,14.968000411987305,AQvfenACz1g_75,https://www.youtube.com/watch?v=AQvfenACz1g,1125.0,1140.0
unlabeled_youtube,هذوما مشرجعون الفلوس رسائل طمن حنا  ك فف ت المطق رم فرنر هوما لك مش نعطولهم شقدومععالطاولة شقدو مع الناس حتى ال ه,15.0,AQvfenACz1g_76,https://www.youtube.com/watch?v=AQvfenACz1g,1140.0,1155.0
unlabeled_youtube,عك الصحشكرا ديما تكون معانا شكرا علغي كتفتاعلسنيا  كب الدولة,10.95199966430664,AQvfenACz1g_77,https://www.youtube.com/watch?v=AQvfenACz1g,1155.0,1166.617
