Question,Answer
إذا جمعت ثلث العدد 18 مع ضعف العدد 6، كم يصبح المجموع؟,18
إذا كان لديك 12 صناديق، وكل صندوق يحتوي على 8 علب، وكل علبة تحتوي على 5 أقلام، كم عدد الأقلام لديك؟,480
لديك 6 طيور على الشجرة. طار 2 منها بعيدًا. كم طائر تبقى؟,4
إذا كان عمر الأب 45 سنة، وكان عمره عند ولادة ابنه الأكبر ضعف عمره عند ولادة ابنه الأصغر، وكان الفرق بين عمري الابنين 9 سنوات، فكم كان عمر الأب عند ولادة ابنه الأصغر؟,27
إذا كان لديك 195 تفاحة ووزعت 65 منها على الجيران، كم تفاحة ستبقى معك؟,130
إذا كان لديك 120 درهمًا وأنفقت ثلثها، كم بقي معك؟,80
في مسابقة، شارك 80 طالبًا. إذا نجح 3/4 المشاركين، فكم عدد الطلاب الذين لم ينجحوا؟,20
إذا كان لديك 3 مجموعات من الكرات وكل مجموعة تحتوي على 6 كرات، ثم أضفت 2 كرات لكل مجموعة، كم يصبح العدد الإجمالي؟,24
إذا كان لدي 5 كرات و3 أقلام. كم عدد الأشياء؟,8
لديك 8 سلال، وكل سلة تحتوي على 5 تفاحات. كم عدد التفاحات لديك؟,40
إذا كان لديك 6 أقلام وقسمتها بالتساوي على 3 صناديق، كم قلمًا في كل صندوق؟,2
إذا كان لديك 5 صناديق، وكل صندوق يحتوي على 6 كرات، وقررت توزيعها بالتساوي على 3 أطفال، كم كرة يحصل كل طفل؟,10
إذا كان لديك 5 كعكات وأكلت 2، كم كعكة تبقى لديك؟,3
كم مرة يمكن ضرب العدد 4 للحصول على 64؟,3
إذا كان لديك 590 كرة، وأعطيت 400 منها لأخيك، كم كرة ستبقى لديك؟,190
إذا كان لديك 7 طاولات وكل طاولة تحتوي على 4 كراسي، كم عدد الكراسي الإجمالي؟,28
إذا كان لديك 3 صناديق، وفي كل صندوق 8 كرات، كم كرة لديك في المجموع؟,24
إذا كان لديك 400 ريال، وأنفقت 300 ريال، كم ريالاً سيبقى لديك؟,100
إذا كان لدي 12 كتابًا وأعطيت 4 لكل من صديقين، كم كتابًا بقي معي؟,4
إذا كنت تملك 7 كرات زرقاء و3 كرات حمراء، كم عدد الكرات غير الحمراء؟,7
إذا كان لديك 225 قلماً ملوناً وأعطيت نصف هذا العدد لأصدقائك، كم قلماً ملوناً ستبقى لديك؟,112
إذا كان لديك 200 كرة، ووزعت 50 كرة على 5 أصدقاء بالتساوي، كم عدد الكرات المتبقية لديك؟,150
إذا كان لديك 40 سؤالاً وأجبت على 25 منها، كم سؤالاً بقي بدون إجابة؟,15
إذا كان لديك 105 تفاحات وأكلت 15 منها، كم تفاحة بقيت؟,90
إذا كان لديك 950 درهماً وأنفقت 420 درهماً، كم درهماً سيبقى معك؟,530
إذا كان لديك 12 كرة، وأعطيت 4 منها لأصدقائك، كم عدد الكرات المتبقية لديك؟,8
إذا كان لديك 405 قلماً ملوناً وأعطيت ربع هذا العدد لأصدقائك، كم قلماً ملوناً ستبقى لديك؟,303
كم مرة يمكن تقسيم العدد 81 على العدد 3؟,27
إذا كان لديك 40 كتابًا، وقرأت 5 كتب في الأسبوع، كم أسبوعًا تحتاج لقراءة جميع الكتب؟,8
إذا كان لديك 7 سيارات، وأعطيت 3 منها لأصدقائك، كم سيارة ستبقى لديك؟,4
إذا كان لديك 30 كتابًا، وقرأت 10 منها، كم عدد الكتب التي لم تقرأها؟,20
إذا كان لديك 20 درهماً وأنفقت 7 دراهم، كم درهماً سيبقى معك؟,13
كم عدد الأقدام إذا كان لديك 2 طاولات و3 كراسي؟,10
إذا كان لديك 40 ريالاً، وأنفقت 25 ريالاً، كم ريالاً سيبقى لديك؟,15
إذا كان لدي 3 صفوف، وكل صف يحتوي على 8 مقاعد، كم عدد المقاعد الإجمالي؟,24
إذا كان لديك 9 كعكات وأكلت 4 منها، كم كعكة تبقى؟,5
إذا كان لديك 6 سلال وكل سلة تحتوي على 8 تفاحات، كم عدد التفاحات الإجمالي؟,48
إذا كان لديك 8 كعكات، وأكلت 3 منها، كم كعكة تبقى لديك؟,5
إذا كانت الساعة الآن تشير إلى السادسة، ومرت 4 ساعات، كم تكون الساعة الآن؟,10
إذا كان لديك 47 كرة، وأعطيت 42 منها لأخيك، كم كرة ستبقى لديك؟,5
كم عدد الأصابع في 3 أيدي؟,15
إذا كان لديك 60 دولارًا، وأنفقت 20 دولارًا على الطعام و15 دولارًا على الملابس، كم تبقى لديك؟,25
إذا كان لديك 300 دولار، وأنفقت 100 دولار على الرحلة و50 دولارًا على الملابس، كم تبقى لديك؟,150
إذا كان لديك 25 قسطًا من الحليب، وكل قسط يحتوي على 1.5 لتر من الحليب، كم لتر حليب لديك؟,37
إذا ضاعفت العدد 15 ثلاث مرات، كم يصبح العدد؟,90
إذا كان لديك 10 أقلام وأعطيت 3 منها لزميلك، ثم اشتريت 2 جديدين، كم قلماً أصبح لديك الآن؟,9
إذا كان لديك 14 ريالاً، وأنفقت 9 ريالات، كم ريالاً سيبقى لديك؟,5
لديك 400 قلم ووزعت 150 على المدارس. كم قلماً بقي معك؟,250
كم عدد الزوايا في 8 مثلثات؟,24
إذا كان لديك 4 سيارات و3 دراجات، كم عدد المركبات التي لديك؟,7
إذا كان لديك 23 زهور، وأكلت 13 منها، كم زهرة ستبقى لديك؟,10
لديك 40 علبة، وكل علبة تحتوي على 10 أنواع من الألوان، وكل نوع يحتوي على 5 ألوان، كم عدد الألوان الإجمالي؟,2000
إذا كان لديك 2 تفاحتين، وأضفت 3 تفاحات أخرى، كم تفاحة لديك الآن؟,5
إذا كانت لديك 7 كرات وأعطيت 4 منها لأصدقائك، كم كرة بقيت؟,3
إذا كان لديك 140 كرة، وأعطيت 50 منها لأخيك، كم كرة ستبقى لديك؟,90
إذا كان لديك 370 ريالاً، وأنفقت 270 ريالاً، كم ريالاً سيبقى لديك؟,100
أنت لديك 4 ألعاب، وأعطيت منها 2 لأخيك. كم لعبة بقيت لديك؟,2
إذا كانت لديك 3 عصافير و2 حمام، كم عدد الطيور؟,5
في حديقة حيوانات، عدد القردة 2/5 عدد الطيور، وعدد الأسود 1/4 عدد القردة. إذا كان عدد الأسود 10، فكم حيوانًا في الحديقة؟,250
إذا كان لديك 100 درهم وأنفقت 35 درهماً، كم درهماً سيبقى معك؟,65
في صف مدرسي، هناك 20 طالبًا. إذا كان 12 منهم فتيات، فكم عدد الأولاد؟,8
كم عدد الأسنان الدائمة عند البالغين؟,32
لديك 8 مجموعات من الشوكولاتة، وكل مجموعة تحتوي على 5 قطع. كم عدد القطع لديك؟,40
إذا جمعت نصف العدد 30 مع ثلاثة أضعاف العدد 5، كم يصبح المجموع؟,45
إذا كان لديك 15 صندوقًا، وكل صندوق يحتوي على 20 قطعة من الألعاب، وكل قطعة تحتوي على 3 ألوان، كم عدد الألوان الإجمالي؟,900
إذا كان لديك 5 برتقالات و2 موز، كم عدد الفواكه لديك؟,7
لديك 9 علب، وكل علبة تحتوي على 12 قلمًا. كم عدد الأقلام لديك؟,108
إذا كان لدي 15 قطعة نقدية وقررت إعطاء 3 قطع لكل من 4 أصدقاء، كم قطعة تبقى؟,3
كم عدد العيون لدى ثلاث قطط؟,6
إذا كان لديك 40 ريالاً، وأنفقت 35 ريالاً، كم ريالاً سيبقى لديك؟,5
لديك 4 كراسي وجلبت 2 إضافية. كم عدد الكراسي الآن؟,6
إذا كان لديك 12 زهرة وأعطيت 4 لصديقك، كم زهرة ستبقى معك؟,8
إذا كان لديك 31 كرة، وأعطيت 26 منها لأخيك، كم كرة ستبقى لديك؟,5
إذا كان لديك 36 بيضة وكسرت 9 منها، كم بيضة سليمة بقيت؟,27
ما هو العدد الذي إذا جمعته مع 9 يعطيني 16؟,7
كم يكون العدد إذا جمعت ثلث العدد 18 مع نصف العدد 16؟,17
إذا كان لديك 60 تفاحة ووزعت ثلثها على أصدقائك، كم تفاحة ستبقى معك؟,40
إذا كان هناك 30 طالبًا في الصف، و15 منهم فتيات، كم عدد الأولاد؟,15
إذا كان لديك 40 كتابًا وقررت توزيعها بالتساوي على 8 رفوف، كم كتابًا على كل رف؟,5
كم عدد الزوايا في 10 مثلثات؟,30
إذا كانت هناك 5 مجموعات، كل مجموعة تحتوي على 3 ألعاب، كم عدد الألعاب الكلي؟,15
كم عدد العيون في ثلاثة أطفال؟,6
كم عدد الزوايا في شكل مستطيل؟,4
إذا كان لديك 6 كعكات، وأكلت 2 منها، كم كعكة ستبقى لديك؟,4
لديك 75 كرة ووزعت 25 منها على فريقك. كم كرة بقيت معك؟,50
لديك 8 صناديق، وكل صندوق يحتوي على 10 قطع من الألعاب، وكل لعبة تحتوي على 4 ألوان، كم عدد الألوان الإجمالي؟,320
إذا كان لديك 50 طالبًا، و15 منهم غائبون و10 منهم في الرحلة، كم عدد الطلاب المتواجدين في الصف؟,25
إذا كان لدي 2 من الكرات و3 من الأقلام. كم عدد الأشياء؟,5
كم عدد الزوايا في 6 مربعات؟,24
لدى سارة خمسة أقلام وأربعة دفاتر. كم عدد الأشياء التي لديها؟,9
إذا كان عمر أحمد 15 سنة وعمر أخيه أصغر منه بـ 7 سنوات، فكم عمر أخيه؟,8
كم يكون مجموع ثلث العدد 9 وضعف العدد 2؟,7
إذا كان لديك 7 سيارات و3 منها تحتاج إلى إصلاح، كم عدد السيارات الصالحة؟,4
إذا جمعت نصف العدد 14 مع ربع العدد 16، كم يصبح المجموع؟,15
إذا كان لديك 150 تفاحة وتلف منها 30، كم تفاحة صالحة بقيت؟,120
إذا كان لديك 20 كرة وزعت بالتساوي على 5 أطفال، كم كرة حصل كل طفل؟,4
كم عدد الدقائق إذا كان لديك 3 ساعات و15 دقيقة؟,195
إذا كان لديك 200 درهم وأنفقت 75 درهماً، كم درهماً سيبقى معك؟,125
إذا كان لديك 470 ريالاً، وأنفقت 370 ريالاً، كم ريالاً سيبقى لديك؟,100
إذا كان لدي 9 أوراق وأعطيت 2 لكل من 3 أشخاص، كم بقي معي؟,3
كم عدد الألوان إذا كان لديك 5 أقلام ملونة، كل منها بلون مختلف؟,5
كم يكون الناتج إذا جمعت ضعف العدد 7 مع نصف العدد 20؟,24
لديك 165 درهماً وأنفقت 55 درهماً. كم درهماً بقي معك؟,110
إذا كان لديك 24 كتابًا ووزعتهم على 4 طلاب بالتساوي، كم كتابًا سيحصل عليه كل طالب؟,6
إذا كان لديك 45 تفاحة، وأكلت 40 منها، كم تفاحة ستبقى لديك؟,5
ما هو العدد الذي إذا ضرب في 4 يعطي 20؟,5
إذا كان لديك 6 كتب، وكل كتاب يحتوي على 150 صفحة، كم عدد الصفحات الإجمالي؟,900
إذا كان لديك 5 أقلام وفقدت 1، كم قلمًا ستبقى لديك؟,4
في يدك 6 قطع نقدية وأعطيت 2 منها لصديقك، كم قطعة نقدية بقيت معك؟,4
إذا كان لديك 7 بيضات وكسر 2 منها، كم بيضة تبقى سليمة؟,5
كم عدد الأذنين في الإنسان؟,2
إذا كان لديك 5 دراجات، وأعطيت 1 لأخيك، كم عدد الدراجات المتبقية لديك؟,4
ما هو ناتج قسمة 81 على 9؟,9
إذا كان لديك ثلاث برتقالات وتفاحتان، كم عدد الفواكه؟,5
إذا كان لديك 44 ريالاً، وأنفقت 39 ريالاً، كم ريالاً سيبقى لديك؟,5
إذا ضاعفت العدد 12 ثم أضفت إليه 4، كم يصبح العدد؟,28
إذا كان ثمن السيارة 100000 درهم وحصلت على خصم 15٪، ثم دفعت ضريبة 7٪ على السعر بعد الخصم، فكم ستدفع في النهاية؟,25414
كم مرة يمكن تقسيم العدد 64 على العدد 8؟,8
إذا كنت تملك 50 كيسًا، وكل كيس يحتوي على 8 كجم من الأرز، كم كجم من الأرز لديك؟,400
إذا كان لديك 50 طابعاً بريدياً ووزعت 30 منها، كم طابعاً بقي معك؟,20
لديك أربعة كراسي وطاولة واحدة. كم عدد الكراسي؟,4
كم عدد الساعات في 15 يومًا؟,360
لديك 12 حاوية، وكل حاوية تحتوي على 5 أنواع من الأدوات، وكل نوع يحتوي على 4 أدوات. كم عدد الأدوات لديك؟,240
إذا كان لديك 100 كتاب، ووزعت 25 كتابًا على 5 أصدقاء بالتساوي، كم كتاب يبقى لديك؟,80
إذا كان لديك 16 تفاحة، وأكلت 11 منها، كم تفاحة ستبقى لديك؟,5
إذا كان لديك 3 سلالم، وكل سلم يحتوي على 12 درجة، كم يكون مجموع الدرجات؟,36
إذا كان لديك 110 تفاحات، وأكلت 30 منها، كم تفاحة ستبقى لديك؟,80
إذا كان لديك 3 أكياس، وفي كل كيس 4 كرات، كم كرة لديك في المجموع؟,12
إذا كان لديك 50 درهمًا وأنفقت 30 درهمًا، كم بقي معك؟,20
كم عدد الأقدام في 5 طاولات؟,20
لديك 120 قلماً ووزعت 40 على زملائك. كم قلماً بقي معك؟,80
عمره 12 عامًا، ما هو عمره بعد 6 سنوات؟,18
لديك 10 قناديل، وكل واحد منهم يضيء بثلاثة ألوان مختلفة. كم عدد الألوان الإجمالي؟,30
إذا كان لديك 25 كعكة، وأكلت 5 كعكات في اليوم، كم يومًا تحتاج لأكل جميع الكعكات؟,5
كم عدد الأرجل في 6 خيول و3 بقرة؟,30
إذا كان لديك 2 كتب وأضفت إليها 11 كتاب. كم كتاب لديك الآن؟,13
في مسابقة، شارك 200 طالب. إذا نجح 3/8 المشاركين بتقدير ممتاز، و1/4 بتقدير جيد جدًا، فكم عدد الطلاب الذين لم يحصلوا على هذين التقديرين؟,75
إذا كان لديك 450 ريالاً، وأنفقت 350 ريالاً، كم ريالاً سيبقى لديك؟,100
إذا كان لدي تفاحة وكتاب وأربع برتقالات. كم من الفواكه لدي؟,5
كم عدد الأيام في 3 سنوات بسيطة؟,1095
إذا كانت لديك خمس ألعاب وثلاث سيارات، كم عدد الأشياء التي لديك؟,8
في مدرسة، نسبة الطلاب إلى الطالبات 5:4. إذا كان عدد الطالبات 180، فكم عدد الطلاب والطالبات معًا؟,405
لدي 25 ريالاً. إذا أنفقت ثلث هذا المبلغ، كم ريالاً سأنفق؟,8
إذا كان لديك 80 كتابًا، وقرأت 20 منها، كم عدد الكتب التي لم تقرأها؟,60
لديك 10 كعكات. أكلت 2 منها وأعطيت 3 لصديقك. كم كعكة تبقى لديك؟,5
كم عدد العجلات في أربع سيارات؟,16
كم عدد الأذناب لدى قطة واحدة؟,1
إذا كان لديك 13 زهور، وأكلت 3 منها، كم زهرة ستبقى لديك؟,10
إذا كان لديك 10 كعكات، وأعطيت 3 منها، كم عدد الكعكات المتبقية لديك؟,7
إذا كنت تملك 11 نوعًا من المكسرات، وكل نوع يحتوي على 10 قطع، كم عدد القطع الإجمالي؟,110
في مزرعة، يوجد 40 دجاجة و15 بقرة و10 خراف. كم حيوانًا في المزرعة؟,65
كم عدد الساعات في 2 أسبوع؟,336
كم عدد الدقائق في 3 ساعات ونصف؟,210
إذا كان لديك 9 كرات وأعطيت 3 لكل من صديقين، كم كرة بقيت معك؟,3
إذا كان لديك 28 زهور، وأكلت 18 منها، كم زهرة ستبقى لديك؟,10
لديّ ثلاثة أقلام وممحاة واحدة. كم عدد الأشياء التي لدي؟,4
كم عدد الأصابع في 6 أيادي؟,30
كم عدد الأسنان لدى طفل؟,20
إذا كان لديك 6 صفوف، وكل صف يحتوي على 9 كراسي، كم عدد الكراسي الإجمالي؟,54
إذا كان لديك 4 تفاحات وضعفي هذا العدد من البرتقال، فكم فاكهة لديك في المجموع؟,12
في مصنع، ينتج العامل 12 قطعة في الساعة. كم قطعة سينتج في 6 ساعات؟,72
لديك 12 صندوقًا، وكل صندوق يحتوي على 6 ألعاب، وكل لعبة تحتوي على 3 ألوان، كم عدد الألوان الإجمالي؟,216
إذا كانت لديك خمس سيارات ولعبة واحدة، كم عدد الأشياء التي تملكها؟,6
إذا كان لديك 100 درهم وأنفقت 40٪ منها، كم بقي معك؟,60
إذا كان لديك 5 كرات وأعطيت 2 لأصدقائك، كم عدد الكرات المتبقية لديك؟,3
لديك 10 تفاحات. أعطيت 4 منها لصديقك. كم تفاحة تبقى لديك؟,6
لديك صندوق يحتوي على ثلاثة أقلام ورصاصتين. كم عدد الأقلام في الصندوق؟,5
ما هو العدد الذي إذا طرح منه 7 يعطي 13؟,20
إذا كان عمرك الآن 25 سنة، كم سيكون عمرك بعد 15 سنة؟,40
إذا كان لديك 16 علبة كل منها تحتوي على 4 عصائر، كم عصير لديك؟,64
إذا كان لدي 15 قطعة نقدية وأعطيت نصفها لشخص وأخذت منه 3 قطع أخرى، كم قطعة معي الآن؟,10
إذا كان لديك 10 برتقالات وأعطيت 3 لصديقك، ثم أكلت 2. كم برتقالة تبقى؟,5
إذا كان لديك 8 قطط وكل قطة لديها 4 أرجل، كم إجمالي عدد الأرجل لجميع القطط؟,32
كم عدد الأيام في الأسبوع؟,7
إذا كان لديك 450 كتاباً وتبرعت بـ 200 منها، كم كتاباً سيبقى معك؟,250
إذا كان لديك 15 صندوقًا، يحتوي كل صندوق على 8 كرات، ثم أضفت 2 كرات إلى كل صندوق، كم عدد الكرات الكلي الآن؟,150
إذا كان لديك 10 طلاب وكل طالب يحتاج إلى 3 أقلام، كم عدد الأقلام الإجمالي؟,30
إذا كان لديك 12 كتاباً، وأعطيت 7 منها لأصدقائك، كم كتاباً سيبقى لديك؟,5
لديك 10 أصابع، وكل إصبع يحتوي على 3 ألوان، كم عدد الألوان لديك؟,30
في مدرسة، 40٪ من الطلاب يشاركون في النادي الرياضي. إذا كان عدد الطلاب 250، فكم طالبًا لا يشارك في النادي الرياضي؟,150
لديك 8 قطع حلوى. أكلت 3 وأعطيت 2 لصديقك. كم قطعة حلوى تبقى لديك؟,3
إذا كان راتب الموظف 4000 درهم، وينفق 1/4 راتبه على الإيجار، و30٪ من الباقي على الطعام، فكم درهمًا يتبقى معه؟,2100
كم يكون الفرق بين 5 أضعاف العدد 6 ونصف العدد 16؟,22
إذا كنت تملك 7 كرات وأعطيت 2 منها لصديقك، كم كرة بقيت لديك؟,5
كم عدد الأسنان لدى شخص بالغ؟,32
لديك 15 كتاباً وأعطيت 6 كتب لأصدقائك. كم كتاباً بقي معك؟,9
إذا كانت لديك 4 سيارات و2 منها حمراء، كم عدد السيارات غير الحمراء؟,2
إذا كان لدي 12 برتقالة وقررت أن أعطي 3 برتقالات لكل من 3 أصدقاء، كم برتقالة تبقى؟,3
لدي 5 برتقالات و3 تفاحات. كم عدد الفواكه؟,8
كم يكون العدد إذا جمعت 3 أرباع العدد 16 مع نصف العدد 20؟,27
لدي 3 أقلام و3 دفاتر. كم عدد الأشياء؟,6
إذا كان لديك 4 أقلام، وأعطيت 1 قلم لصديقك، كم قلم ستبقى لديك؟,3
إذا كان لدي 6 أكواب ماء و3 صحون، كم عدد الأشياء لدي؟,9
كم عدد أيام شهر فبراير في السنة الكبيسة؟,29
وجدت ستة مفاتيح وأربعة أقلام. كم عدد المفاتيح؟,6
ما هو العدد الذي إذا ضربته في 5 يساوي 40؟,8
لديك 3 قطع نقدية قيمتها 25 فلسًا لكل قطعة. كم المجموع؟,75
لديك 12 علبة من الشوكولاتة، وكل علبة تحتوي على 7 قطع. كم عدد القطع الإجمالي؟,84
إذا كان لديك 24 بالوناً وانفجر ثلثها، كم بالوناً بقي سليماً؟,16
إذا كان لديك 15 تفاحة وقسمتها بالتساوي بين 3 أشخاص، كم تفاحة سيحصل كل شخص؟,5
إذا كان لديك 4 علب وكل علبة تحتوي على 7 أقلام، وقررت إعطاء 3 أقلام لكل من أصدقائك الثلاثة، كم قلم تبقى؟,25
إذا كان طول القلم 15 سم وطول المسطرة ضعف طول القلم، فكم طول المسطرة بالسنتيمتر؟,30
إذا كان لديك 380 كتاباً، وأعطيت 190 منها لأصدقائك، كم كتاباً سيبقى لديك؟,190
إذا كان لديك 8 تفاحات وأكلت 3 منها، كم تفاحة تبقى؟,5
إذا كان لدي 2 من الكتب و3 من الأقلام. كم عدد الأشياء؟,5
إذا كان لديك 41 تفاحة، وأكلت 36 منها، كم تفاحة ستبقى لديك؟,5
كم يكون الناتج إذا ضربت 9 في 8 ثم أضفت الناتج إلى العدد 36؟,108
إذا كان لديك 580 كتاباً، وأعطيت 380 منها لأصدقائك، كم كتاباً سيبقى لديك؟,200
إذا كنت تملك 4 طاولات و3 كراسي لكل طاولة، كم عدد الكراسي الكلي؟,12
إذا كان لديك سبع زهور وخمس أوراق، كم عدد الزهور؟,7
إذا كان لديك 18 كتابًا وقررت أن توزعها بالتساوي على 3 رفوف، كم كتابًا في كل رف؟,6
وجدت أربع برتقالات وليمونة واحدة. كم عدد الفواكه التي وجدتها؟,5
إذا كان عمر الأم 36 سنة وعمر ابنتها 12 سنة، فبعد كم سنة سيصبح عمر الأم ضعف عمر ابنتها؟,12
إذا كان لديك 350 درهماً وأنفقت ثلثها، كم درهماً سيبقى معك؟,233
إذا كنت تملك 30 حلوى وأعطيت 15 منها، كم حلوى تبقى لديك؟,15
إذا كان لديك 50 طالبًا في الصف، و15 منهم غائبون و10 منهم في الرحلة، كم عدد الطلاب المتواجدين في الصف؟,25
كم عدد الزوايا في 3 مثلثات؟,9
إذا كان لدي 9 صفوف وكل صف يحتوي على 5 طاولات، كم عدد الطاولات الإجمالي؟,45
كم عدد الثواني في الدقيقة الواحدة؟,60
لديك 16 سلة، وكل سلة تحتوي على 8 قطع من الفاكهة. كم عدد القطع الإجمالي؟,128
كم يكون الناتج إذا أضفت 10 إلى نصف 40؟,30
إذا كان عمر الأم 42 سنة وعمر ابنتها 1/6 عمر الأم، فكم سيكون عمر الابنة بعد 5 سنوات؟,12
لديك 8 علب، وكل علبة تحتوي على 5 مجموعات من الطلاء، وكل مجموعة تحتوي على 12 لونًا. كم عدد الألوان الإجمالي؟,2400
إذا كانت لديك ثلاث تفاحات وبرتقالتان، كم عدد الفواكه؟,5
إذا كان لديك 5 دنانير و 3 دراهم، وكان الدينار يساوي 10 دراهم، كم درهماً لديك في المجموع؟,53
إذا كان لدي 45 كرة وقسمتها بالتساوي على 5 صناديق، كم كرة في كل صندوق؟,9
لدى سامي قميصان وبنطلون واحد. كم عدد القطع التي يمتلكها سامي؟,3
ما هو ناتج ضرب 9 في 7؟,63
إذا كان لدي 16 كتابًا وأعطيت 4 لأصدقائي، كم كتابًا يبقى معي؟,12
إذا كانت لديك 4 كتب و3 أقلام، كم عدد الأشياء لديك؟,7
إذا كان لديك خمس تفاحات وبرتقالة واحدة، كم عدد الفواكه؟,6
في حديقة مربعة الشكل، طول ضلعها 9 أمتار. كم مترًا يبلغ محيط الحديقة؟,36
إذا كنت تملك 9 أكياس، وكل كيس يحتوي على 12 نوعًا من الفواكه، وكل نوع يحتوي على 3 قطع، كم عدد القطع الإجمالي؟,324
إذا كان لديك 70 ريالاً، وأنفقت 30 ريالاً، كم ريالاً سيبقى لديك؟,40
إذا كان لديك 22 كتاباً، وأعطيت 12 منها لأصدقائك، كم كتاباً سيبقى لديك؟,10
إذا كان لديك 15 دولارًا وأنفقت 5 دولارات، كم دولارًا ستبقى لديك؟,10
إذا كان لديك 230 كتاباً، وأعطيت 90 منها لأصدقائك، كم كتاباً سيبقى لديك؟,140
إذا كانت لديك 3 سيارات و2 دراجات، كم عدد المركبات التي لديك؟,5
إذا كان لدي 2 من الكتب و 2 من الأقلام. كم عدد الأشياء؟,4
إذا كان لديك 9 كتب و3 منها قرأتها، كم عدد الكتب التي لم تقرأها؟,6
كم عدد الأضلاع في مثلث؟,3
إذا كان لديك 23 كرة، وأعطيت 18 منها لأخيك، كم كرة ستبقى لديك؟,5
لديك 25 قسطًا من الأرز، وكل قسط يحتوي على 2 كجم من الأرز. كم كجم من الأرز لديك؟,50
كم عدد الزوايا في مثلث؟,3
إذا كان لديك 18 قميصًا، واشتريت 5 قمصان إضافية، كم قميصًا لديك الآن؟,23
كم عدد الأجنحة في طائرين؟,4
إذا كان لديك 100 ريالًا واشتريت لعبة بـ 35 ريالًا. كم ريالًا بقي معك؟,65
إذا كان لديك 30 كتابًا وقررت توزيعها بالتساوي على 5 أصدقاء، كم كتابًا يحصل كل صديق؟,6
إذا كان لديك 135 كتاباً ووهبت 45 منها لمكتبة، كم كتاباً سيبقى معك؟,90
إذا كنت تملك 5 زهور وأعطيت صديقك 2 منها، كم زهرة تبقى لديك؟,3
لدي 3 كتب و3 دفاتر. كم عدد الأشياء؟,6
إذا كانت الساعة الآن تشير إلى الثالثة، كم ساعة ستحتاج لتصل إلى الخامسة؟,2
إذا كنت تملك 60 قطعة من الحلوى، وأعطيت 25 منها، كم حلوى تبقى لديك؟,35
لدي ثلاثة برتقالات وخمس تفاحات. كم عدد الفواكه التي لدي؟,8
إذا كان راتب الموظف 3000 درهم، وحصل على زيادة 15٪، ثم حصل على زيادة إضافية 10٪ على الراتب الجديد، فكم أصبح راتبه؟,3795
لدي 7 كتب، إذا اشتريت 2 كتاباً إضافياً، كم عدد الكتب سيكون لديك؟,9
إذا كان لديك 750 تفاحة وتلف منها 180، كم تفاحة صالحة بقيت؟,570
إذا كان لدي 50 ريالًا واشتريت كتابًا بسعر 20 ريالًا، كم ريالًا تبقى؟,30
إذا كان لديك 310 تفاحات، وأكلت 130 منها، كم تفاحة ستبقى لديك؟,180
كم عدد العيون في 6 أشخاص؟,12
إذا كان ثمن القلم 5 دراهم وثمن الدفتر 3 أضعاف ثمن القلم، فكم ثمن الدفتر؟,15
إذا كان لديك 5 حقائب وكل حقيبة تحتوي على 8 كتب، وقررت إعطاء نصف الكتب لأصدقائك، كم كتاب تبقى؟,20
ما هو العدد الإجمالي للأشياء إذا كان لديك 3 عصافير و4 دجاجات؟,7
إذا كان لديك 650 درهماً وأنفقت 280 درهماً، كم درهماً سيبقى معك؟,370
إذا كان لديك 26 كتاباً، وأعطيت 21 منها لأصدقائك، كم كتاباً سيبقى لديك؟,5
إذا كان لديك خمس طماطم وليمونة، كم عدد الخضروات؟,5
إذا كان لديك 24 قلمًا وأعطيت 9 منها، كم قلمًا تبقى لديك؟,15
إذا كان لديك 7 مقاعد وأخذت 2 منها، كم مقعدًا تبقى لديك؟,5
إذا كان لديك 11 ريالاً، وأنفقت 4 ريالات، كم ريالاً سيبقى لديك؟,7
إذا كان لدي 18 كتابًا ووضعت نصفها على رف واحد، كم كتابًا وضعت؟,9
في مكتبة، 25٪ من الكتب باللغة العربية و30٪ باللغة الإنجليزية والباقي بلغات أخرى. إذا كان عدد الكتب 400، فكم كتابًا بلغات أخرى؟,180
إذا كان لديك 300 ريال، وأنفقت 200 ريال، كم ريالاً سيبقى لديك؟,100
إذا كان لديك 4 سيارات ولونت واحدة منها بالأحمر، كم سيارة غير ملونة بالأحمر تبقى؟,3
إذا كان لديك 9 تفاحات وأكلت 4، كم تفاحة ستبقى لديك؟,5
إذا كان لديك 6 كعكات، وأكلت 3 منها، كم كعكة تبقى لديك؟,3
إذا كان لديك 5 أصدقاء، وكل صديق لديه 4 كرات، ثم أعطى كل واحد منهم 1 كرة، كم عدد الكرات الكلي الآن؟,20
إذا كان لديك 15 علبة، وكل علبة تحتوي على 7 أنواع من الأدوات، وكل نوع يحتوي على 5 أدوات، كم عدد الأدوات لديك؟,525
إذا كان لديك 8 كتب، وأعطيت 2. كم كتابًا ستبقى لديك؟,6
إذا كان لدي 7 تفاحات وأعطيتك 3، كم بقي معي؟,4
إذا كان لديك 5 كرات، وأضفت 3 كرات أخرى، كم عدد الكرات لديك الآن؟,8
كم عدد الأصابع في 7 أيادي؟,35
إذا كان لديك 3 صناديق وكل صندوق يحتوي على 10 كرات، ثم أضفت 5 كرات لكل صندوق، كم يصبح العدد الإجمالي؟,45
إذا كانت لديك ثلاث ألعاب وثلاث سيارات، كم عدد الأشياء؟,6
ما هو ناتج جمع الأعداد من 1 إلى 5؟,15
هناك طائرين وشجرتين. كم عدد الطيور والأشجار مجتمعة؟,4
لديك 9 مجموعات من الألعاب، وكل مجموعة تحتوي على 7 أنواع، وكل نوع يحتوي على 5 قطع. كم عدد القطع الإجمالي؟,315
إذا كان لديك 8 زهور، وأعطيت 3 منها، كم زهرة تبقى لديك؟,5
كم عدد الأرجل في قطة واحدة؟,4
إذا كان لديك 18 كتابًا، وقرأت 6 منها، كم عدد الكتب التي لم تقرأها؟,12
إذا كان عمر الجد 70 سنة وعمر حفيده 1/7 عمر الجد، فكم عمر الحفيد؟,10
إذا كان لديك 80 تفاحة ووزعت ثلاثة أرباعها، كم تفاحة بقيت معك؟,20
إذا كان لديك 19 تفاحة، وأعطيت 4 منها لأصدقائك، كم تفاحة ستبقى لديك؟,15
كم يكون الفرق بين ضعف العدد 20 ونصف العدد 40؟,0
كم عدد الأصابع لدى شخص واحد؟,10
إذا كان لدى تاجر 800 قطعة من البضائع، وباع 1/4 منها في اليوم الأول، و1/3 من الباقي في اليوم الثاني، و1/2 من الباقي في اليوم الثالث، فكم قطعة بقيت معه؟,200
إذا كان لديك 200 دولار، وأنفقت 50 دولارًا على الطعام و30 دولارًا على الملابس، كم تبقى لديك؟,120
إذا كان لديك 260 تفاحة، وأكلت 90 منها، كم تفاحة ستبقى لديك؟,170
لدي 3 أقلام و2 دفاتر. كم عدد الأشياء؟,5
إذا كان لدى مزارع 360 شجرة، وقرر أن يزرع 25٪ منها تفاحًا، و40٪ برتقالاً، و1/6 زيتونًا، والباقي عنبًا، فكم شجرة عنب سيزرع؟,60
إذا كان لديك 48 ريالاً، وأنفقت 43 ريالاً، كم ريالاً سيبقى لديك؟,5
إذا كنت تملك 11 حقيبة ووضعت في كل حقيبة 3 كتب، كم عدد الكتب لديك؟,33
إذا كانت هناك 100 طائرة، و25 منها طائرات شحن و15 منها طائرات خاصة. كم عدد الطائرات الأخرى؟,60
إذا كان عدد صفحات كتاب 200 صفحة وقرأت 75 منها، كم صفحة بقيت؟,125
كم عدد الأبواب في سيارتين؟,8
إذا كان لديك 240 قلماً ووزعت 80 على المدارس، كم قلماً سيبقى معك؟,160
إذا كان لديك 90 كرة، وأعطيت 45 منها لأخيك، كم كرة ستبقى لديك؟,45
إذا كان لديك 3 علب، وكل علبة تحتوي على 5 كرات، وكل كرة تحتوي على 2 ألوان، كم عدد الألوان الإجمالي؟,30
إذا كان لديك 24 تفاحة، وأعطيت 14 منها لأخيك، كم تفاحة ستبقى لديك؟,10
إذا كان هناك 50 طالبًا في الصف، و30 منهم يدرسون الرياضيات و20 يدرسون العلوم. كم عدد الطلاب الذين يدرسون الرياضيات أو العلوم؟,50
إذا كان عمر أحمد 15 سنة وعمر أخته أصغر منه بـ 3 سنوات، كم عمر أخته؟,12
لدي أربعة أقلام ودفتر واحد. كم عدد الأشياء؟,5
اشتريت كتابين وأربعة دفاتر. كم عدد الأشياء التي اشتريتها؟,6
إذا كان لديك 270 ريالاً، وأنفقت 170 ريالاً، كم ريالاً سيبقى لديك؟,100
إذا كنت تملك 10 تفاحات و3 منها فاسدة، كم تفاحة صالحة لديك؟,7
لديك 3 ألعاب جديدة. إذا أضفت لعبة جديدة، كم لعبة لديك الآن؟,4
إذا كان لديك 20 دولارًا، وأنفقت 5 دولارات، كم تبقى لديك؟,15
إذا كان لديك 15 زهور، وأعطيت 10 منها لأصدقائك، كم زهرة ستبقى لديك؟,5
وجدت تسع قطع نقود وثلاث أوراق نقدية. كم عدد القطع النقدية التي وجدتها؟,9
إذا كنت في الطابق الخامس وصعدت طابقين، في أي طابق ستكون؟,7
لديك 7 علب طلاء، وكل علبة تحتوي على 4 ألوان. كم عدد الألوان لديك؟,28
إذا كان لديك 10 كرات، وأعطيت 5 منها لأخيك، كم كرة ستبقى لديك؟,5
إذا كان لديك 480 كتاباً، وأعطيت 280 منها لأصدقائك، كم كتاباً سيبقى لديك؟,200
كم عدد الأرجل في 3 طيور و2 حيوانات أخرى؟,14
إذا كنت تملك 4 سيارات لعبة و2 منها مكسورة، كم سيارة سليمة لديك؟,2
في مصنع، ينتج العامل 8 قطع في الساعة. إذا عمل 10 عمال لمدة 6 ساعات يوميًا لمدة 5 أيام، فكم قطعة سينتجون؟,2400
في مكتبة، 30٪ من الكتب روايات، و1/4 كتب علمية، و1/6 كتب أطفال، والباقي كتب تاريخية. إذا كان عدد الكتب التاريخية 70، فكم كتابًا في المكتبة؟,300
لدى سارة ثلاث تفاحات وأربع برتقالات. كم عدد الفواكه لديها؟,7
إذا كان لديك 4 كراسي و2 طاولات، كم عدد الأرجل إذا كانت لكل كرسي 4 أرجل ولكل طاولة 4 أرجل؟,24
إذا كان لديك 90 دولارًا، وأنفقت 30 دولارًا على المواصلات و20 دولارًا على الملابس، كم تبقى لديك؟,40
لديك 4 بالونات. انفجر 1 منها. كم بالونًا تبقى؟,3
إذا كان لديك 315 قطعة نقدية من فئة 1 ريال وأعطيت ثلث هذا العدد لأخيك، كم قطعة نقدية ستبقى لديك؟,210
إذا كان لديك 9 سيارات، وأعطيت 5 منها لأصدقائك، كم سيارة ستبقى لديك؟,4
إذا كنت تملك 6 أقلام زرقاء و4 أقلام حمراء، كم مجموع الأقلام؟,10
إذا كان لديك 40 طالبًا في الصف، و10 منهم غائبون، كم عدد الطلاب الحاضرين؟,30
إذا كانت لديك خمس تفاحات وثلاث برتقالات، كم عدد الفواكه؟,8
إذا كان لديك 150 تفاحة ووزعت 2/3 منها على الأصدقاء، فكم تفاحة بقيت معك؟,50
إذا كان ثمن الكتاب 25 درهمًا وحصلت على خصم 20٪، فكم ستدفع؟,20
إذا كان لديك 12 كرة و4 منها زرقاء، كم عدد الكرات الأخرى؟,8
لديك 5 تفاحات، أكلت 2 ثم اشتريت 3 أخرى. كم تفاحة لديك الآن؟,6
كم عدد الأقدام في 6 كراسي، إذا كان كل كرسي يحتوي على 5 أقدام؟,30
كم عدد الحيوانات إذا كان لديك 4 قطط و3 كلاب؟,7
لديك 8 حلويات وأكلت 3 منها. كم حلوى بقيت؟,5
ما هو العدد الذي إذا أضفت إليه 18 يصبح 75؟,57
لديك 6 أقلام، و3 منها حمراء، كم عدد الأقلام غير الحمراء؟,3
ما هو ناتج قسمة 144 على 12؟,12
إذا كان لديك 8 أقلام و3 منها مفقودة، كم عدد الأقلام المتبقية؟,5
إذا كان لديك 80 قطعة حلوى ووزعتها بالتساوي على 8 أطفال، كم قطعة سيحصل كل طفل؟,10
ما هو العدد الذي إذا ضرب في 5 يعطي 25؟,5
إذا كان لديك 3 مربعات، وكل مربع يحتوي على 4 زوايا، كم عدد الزوايا الإجمالي؟,12
إذا كنت تملك 5 أقلام زرقاء و2 أقلام حمراء، كم مجموع الأقلام؟,7
إذا كان لديك 12 طاولة وكل طاولة تحتوي على 4 كراسي، كم عدد الكراسي الإجمالي؟,48
لديك 25 قطعة حلوى، وزعتها بالتساوي على 5 أطفال. كم قطعة حصل كل طفل؟,5
كم عدد الأقدام إذا كان لديك 2 كراسي و3 طاولات؟,10
لديك حقيبة تحتوي على ثلاثة دفاتر وقلمين. كم عدد الأشياء في الحقيبة؟,5
إذا كان لديك 10 صفوف وكل صف يحتوي على 4 كراسي، وقررت إضافة كرسيين لكل صف، كم عدد الكراسي الإجمالي؟,60
إذا كان لديك 190 كرة، وأعطيت 60 منها لأخيك، كم كرة ستبقى لديك؟,130
إذا كان لديك 150 ريالاً، وأنفقت 80 ريالاً، كم ريالاً سيبقى لديك؟,70
إذا كنت تملك 50 حبة من الفاكهة، وأعطيت 18 منها، كم حبة تبقى لديك؟,32
إذا كان لديك 50 دولارًا وأنفقت 20 دولارًا على الطعام و10 دولارات على الملابس، كم تبقى لديك؟,20
إذا كان لديك 5 صناديق وكل صندوق يحتوي على 12 قطعة، وقررت أن تعطي نصف القطع لأصدقائك، كم قطعة تبقى؟,30
إذا كان لديك 15 كتابًا وأعطيت 5 منها، كم كتابًا تبقى لديك؟,10
لديك 9 علب، وكل علبة تحتوي على 3 أنواع من الألوان، كم عدد الأنواع لديك؟,27
إذا كان لديك 20 قلماً ووزعت 6 منها على أصدقائك، كم قلماً بقي معك؟,14
إذا كان لديك 340 كرة، وأعطيت 150 منها لأخيك، كم كرة ستبقى لديك؟,190
كم مرة يمكن تقسيم العدد 36 على العدد 6؟,6
إذا كان لديك 35 كتاباً، وأعطيت 15 منها لأصدقائك، كم كتاباً سيبقى لديك؟,20
لديك 6 برتقالات و2 تفاح، كم عدد الفواكه التي لديك؟,8
كم عدد الأصابع في يد واحدة؟,5
لديك 255 تفاحة وتلف منها 85. كم تفاحة صالحة بقيت؟,170
إذا كان لديك 32 ريالاً، وأنفقت 27 ريالاً، كم ريالاً سيبقى لديك؟,5
إذا كان لديك 300 درهم وأنفقت 1/6 المبلغ على الطعام و1/4 على الملابس، فكم درهمًا بقي معك؟,175
لديك 5 صناديق وكل صندوق يحتوي على 3 كرات. كم عدد الكرات الكلي؟,15
إذا كان لديك 225 درهماً وأنفقت 75 درهماً، كم درهماً سيبقى معك؟,150
كم عدد الأشخاص إذا كان هناك 5 رجال و4 نساء؟,9
اشترى أحمد كتابين بـ 25 ريالًا لكل كتاب. كم دفع في الإجمالي؟,50
كم يكون 7 × 3؟,21
إذا كان لديك 7 صناديق وكل صندوق يحتوي على 9 كتب، كم عدد الكتب الإجمالي؟,63
إذا كان لديك 100 ورقة، وأعطيت 25 ورقة لأخيك، كم ورقة تبقى لديك؟,75
إذا كان لديك 520 ريالاً، وأنفقت 420 ريالاً، كم ريالاً سيبقى لديك؟,100
في حديقة حيوانات، عدد الزرافات 1/5 عدد القردة. إذا كان هناك 25 زرافة، فكم عدد القردة؟,125
لدي أربعة كتب وثلاثة دفاتر. كم عدد الأشياء التي لدي؟,7
كم يكون العدد إذا أضفت 3 أضعاف العدد 7 إلى نصف العدد 14؟,35
إذا كان لديك 26 كرة، وأعطيت 16 منها لأصدقائك، كم كرة ستبقى لديك؟,10
كم عدد الأقدام في 4 كراسي؟,16
لديك 3 صناديق، كل صندوق يحتوي على 4 كرات. كم عدد الكرات الإجمالي؟,12
إذا كان لديك 6 كعكات وأكلت نصفها، كم كعكة تبقى لديك؟,3
إذا كان لديك 7 كتب وأضفت إليها كتابين آخرين، كم عدد الكتب التي لديك الآن؟,9
إذا كان لدى تاجر 500 قطعة من البضائع، وباع 30٪ منها في اليوم الأول، و25٪ من الباقي في اليوم الثاني، فكم قطعة بقيت معه؟,262
إذا كان لديك 60 دقيقة ومر منها 15 دقيقة، كم دقيقة بقيت؟,45
ما هو الرقم الذي يأتي بعد 99 مباشرة؟,100
ما هو ناتج جمع 7 و 9؟,16
إذا كان لديك 50 ريالًا واشتريت لعبة بسعر 25 ريالًا وأعطيت 5 ريال كهدية، كم ريال تبقى معك؟,20
كم عدد الساعات في اليوم؟,24
ما هو العدد الذي إذا أضفت إليه 15 يصبح 50؟,35
إذا كان هناك 10 طلاب في الصف و3 منهم غائبين، كم عدد الطلاب الحاضرين؟,7
إذا كان لدي 4 صناديق وكل صندوق يحتوي على 7 أقلام، كم عدد الأقلام الإجمالي؟,28
كم مرة يمكن تقسيم العدد 72 على العدد 8؟,9
إذا كان لديك 3 تفاحات و2 برتقالات، كم عدد الفواكه الإجمالي؟,5
إذا كان سعر الكيلوغرام من التفاح 5 دراهم، وسعر الكيلوغرام من البرتقال 7 دراهم، واشترى أحمد 3 كيلوغرامات من التفاح و2 كيلوغرام من البرتقال، فكم درهمًا دفع؟,29
إذا كان لديك ثلاث سيارات، وأعطيت واحدة منها، كم سيارة ستبقى لديك؟,2
لديك 3 سيارات زرقاء و2 سيارات حمراء. كم عدد السيارات لديك؟,5
إذا كان عدد سكان مدينة 500000 نسمة وزاد بنسبة 2٪ سنويًا، فكم سيكون عدد السكان بعد 3 سنوات؟,6316
لديك 18 كرة وقدمت 7 منها لصديقك. كم كرة بقيت لديك؟,11
إذا كان لديك 4 فصول وكل فصل يحتوي على 10 طلاب، وقررت تقسيم الطلاب بالتساوي على 2 معلمين، كم طالبًا يحصل كل معلم؟,20
لديك زجاجة ماء وخمس زجاجات عصير. كم عدد الزجاجات؟,6
لديك ثلاث أقلام وكتاب واحد. كم عدد الأقلام؟,3
إذا كان هناك 50 طائرًا على الشجرة وطار 20 منها، كم عدد الطيور المتبقية؟,30
لديك 850 قلماً ووزعت 370 على الطلاب. كم قلماً بقي معك؟,480
إذا كان لديك 9 صفوف وكل صف يحتوي على 3 مقاعد، كم عدد المقاعد الإجمالي؟,27
لديّ ثلاث بطاقات وستة أقلام. كم عدد البطاقات؟,3
أحمد اشترى 3 أقلام وحقيبة. كم عدد الأشياء التي اشتراها؟,4
لديك 8 أرفف، وكل رف يحتوي على 9 كتب، وكل كتاب يحتوي على 15 صفحة، كم عدد الصفحات الإجمالي؟,6480
كم عدد أرجل الكلب؟,4
لدي 90 ريالاً. إذا أنفقت ثلثي هذا المبلغ، كم ريالاً سأنفق؟,60
إذا كان لديك 20 قلمًا، وأعطيت 6 منها لأصدقائك، كم قلمًا تبقى لديك؟,14
لديك 7 أرفف، وكل رف يحتوي على 8 علب. كم عدد العلب الإجمالي؟,56
كم عدد الألوان في 6 مجموعات من الطلاء، إذا كانت كل مجموعة تحتوي على 14 لونًا؟,84
كم عدد الأرجل لدى طاولة تحتوي على أربع أرجل؟,4
كم عدد الأرجل لدى إنسان واحد؟,2
إذا كان لديك 30 ريالاً، وأنفقت 20 ريالاً، كم ريالاً سيبقى لديك؟,10
لديك 15 صندوقًا، وكل صندوق يحتوي على 8 أقلام، كم عدد الأقلام الإجمالي؟,120
كم يكون الفرق بين نصف العدد 50 وربع العدد 40؟,15
إذا كان لديك 10 أرفف، وكل رف يحتوي على 7 مجموعات من الألعاب، وكل مجموعة تحتوي على 6 ألعاب، كم عدد الألعاب لديك؟,420
إذا كنت تملك 10 ريال وأنفقت 4 ريال، كم ريال بقي لديك؟,6
إذا كان لديك 12 صندوقًا، وكل صندوق يحتوي على 9 أنواع من الحلوى، كم عدد أنواع الحلوى لديك؟,108
إذا ضاعفت العدد 9 ثم أضفت إليه 7، كم يصبح العدد؟,25
لدي 2 دفاتر و3 أقلام. كم عدد الأشياء؟,5
إذا كان لديك 84 تفاحة ووزعتها بالتساوي على 7 أطفال، كم تفاحة سيحصل كل طفل؟,12
لدي 7 حبات عنب و3 تفاحات. كم عدد الفواكه؟,10
إذا كان لدى فاطمة 7 أقلام وأعطت 3 منها لخالد، كم قلمًا بقي معها؟,4
كم عدد أشهر السنة؟,12
إذا كان عمر الأب 40 سنة وعمر ابنه ربع عمره، فكم عمر الابن؟,10
إذا كان لديك 90 سؤالاً وأجبت على 30 منها، كم سؤالاً بقي؟,60
إذا كانت لديك 4 دراجات و2 منها معطلة، كم عدد الدراجات الصالحة؟,2
إذا كنت تحمل أربع كتب وثلاثة أقلام، كم عدد الأشياء التي تحملها؟,7
إذا كنت تملك 7 أقلام وأعطيت 3 منها لصديقك، كم قلمًا بقي لديك؟,4
إذا كان لدي 5 كرات و4 أقلام. كم عدد الأشياء؟,9
إذا كان لديك 9 بيضات وكسرت 2 منها، كم بيضة سليمة بقيت؟,7
إذا كان لديك 4 كرات وكل كرة تساوي 2، فما هو المجموع الكلي؟,8
إذا كان لديك 530 كتاباً، وأعطيت 330 منها لأصدقائك، كم كتاباً سيبقى لديك؟,200
إذا كان لديك 18 تفاحة، وأعطيت 6 منها لأصدقائك، كم تفاحة تبقى لديك؟,12
إذا كان لديك 15 كتابًا، وقرأت 3 كتب في الأسبوع، كم أسبوعًا تحتاج لقراءة جميع الكتب؟,5
إذا كان عدد سكان مدينة 1000000 نسمة وزاد بنسبة 5٪ سنويًا، فكم سيكون عدد السكان بعد سنة واحدة؟,1424
هناك أربعة أبواب ونافذتان. كم عدد الأبواب والنوافذ مجتمعة؟,6
إذا كان لديك 5 أقلام وأعطيت 3 منها لأصدقائك، كم عدد الأقلام التي بقيت معك؟,2
إذا كان لديك 6 طلاب وأعطيتهم 2 أقلام لكل طالب، كم عدد الأقلام التي وزعتها؟,12
إذا كان لديك 5 صناديق، يحتوي كل صندوق على 10 كرات، ثم أضفت 3 كرات لكل صندوق، كم عدد الكرات الكلي الآن؟,65
لديك 5 كرات زرقاء و3 كرات حمراء. كم عدد الكرات التي لديك؟,8
إذا كان لديك خمسة تفاحات وأكلت اثنتين، كم تفاحة ستبقى لديك؟,3
إذا كان لديك 10 أصدقاء، ودعوت 4 منهم فقط، كم عدد الأصدقاء الذين لم تتم دعوتهم؟,6
إذا كان لديك 200 درهم وأنفقت 75 درهماً، ثم حصلت على 50 درهماً إضافياً، كم درهماً أصبح لديك؟,175
إذا كان لديك 15 ريالًا وأنفقت 7 ريالًا، كم ريالًا بقي لديك؟,8
إذا كان لدي 3 تفاحات و3 برتقالات. كم عدد الفواكه؟,6
كم عدد الألوان في 8 أقلام، إذا كان كل قلم يحتوي على 6 ألوان مختلفة؟,48
إذا كان لدي 4 من الكتب و2 من الأقلام. كم عدد الأشياء؟,6
إذا كان لديك 35 كرة، وأعطيت 30 منها لأخيك، كم كرة ستبقى لديك؟,5
إذا كان لديك 28 ريالاً، وأنفقت 23 ريالاً، كم ريالاً سيبقى لديك؟,5
إذا كان لديك 800 درهم وأنفقت ربعها، كم درهماً سيبقى معك؟,600
إذا كان عمر الأب 45 سنة وكان عمره عند ولادة ابنه 28 سنة، فكم عمر الابن الآن؟,17
كم عدد الألوان في 5 مجموعات من الألوان، إذا كانت كل مجموعة تحتوي على 18 لونًا؟,90
لديك 1000 تفاحة ووزعت 450 على المحتاجين. كم تفاحة بقيت معك؟,550
إذا كان لديك 6 مجموعات من الأقلام، وكل مجموعة تحتوي على 4 أقلام، كم قلمًا لديك؟,24
ما هو العدد الذي إذا طرحته من 10 يعطيني 4؟,6
إذا كان لديك 60 تفاحة، وأعطيت 15 تفاحة لكل من 3 أصدقاء، كم تفاحة تبقى لديك؟,15
إذا كانت لديك ثلاث حبات برتقالة وليمونتان، كم عدد الحمضيات التي لديك؟,5
إذا كان هناك 4 مجموعات، كل مجموعة تحتوي على 2 كراسي، كم عدد الكراسي الكلي؟,8
إذا كان لديك 4 زهور، وأضفت 6 زهور جديدة، كم عدد الزهور لديك الآن؟,10
إذا كانت لديك 5 كرات زرقاء و3 كرات حمراء و2 كرات صفراء، كم عدد الكرات الإجمالي؟,10
إذا كان لديك 7 كرات وأعطيت 3 منها، كم كرة ستبقى لديك؟,4
إذا كان لديك 24 ريالاً، وأنفقت 19 ريالاً، كم ريالاً سيبقى لديك؟,5
لدي 4 تفاحات و2 برتقالات. كم عدد الفواكه؟,6
كم عدد الألوان في 4 علب طلاء، إذا كانت كل علبة تحتوي على 18 لونًا؟,72
إذا كان لديك 30 قلماً ووزعت 12 على زملائك، كم قلماً سيبقى معك؟,18
ما هو ناتج ضرب 7 في نفسه؟,49
لديك 4 صناديق، كل صندوق يحتوي على 7 أقلام. كم عدد الأقلام إذا ضاعفتها مرتين؟,56
لدي 10 قطع نقدية من فئة 1 ريال. كم ريالاً لدي بالإجمالي؟,10
إذا كان لديك 100 ريال، وأنفقت 60 ريالاً، كم ريالاً سيبقى لديك؟,40
إذا كان لديك 60 دولارًا، وأنفقت 15 دولارًا على الطعام و10 دولارات على الملابس، كم تبقى لديك؟,35
إذا كان ثمن السيارة 80000 درهم وحصلت على خصم 12.5٪، ثم دفعت ضريبة 5٪ على السعر بعد الخصم، فكم ستدفع في النهاية؟,7964
كم عدد الدقائق في الساعة الواحدة؟,60
إذا كان عمر الأب 40 سنة وعمر ابنه 15 سنة، كم كان عمر الأب عندما ولد ابنه؟,25
إذا كان عدد أيام الأسبوع 7، فكم يومًا في 3 أسابيع؟,21
إذا كان ثمن السيارة 50000 درهم وحصلت على خصم 15٪، فكم ستدفع؟,-23036
إذا كان لديك 20 ريالاً، وأنفقت 10 ريالات، كم ريالاً سيبقى لديك؟,10
لديك 550 تفاحة ووزعت 220 على الأصدقاء. كم تفاحة بقيت معك؟,330
إذا كان لديك 360 تفاحة، وأكلت 160 منها، كم تفاحة ستبقى لديك؟,200
ما هو العدد الذي يزيد عن 20 بثلاثة؟,23
إذا كان لديك 6 تفاحات، وأكلت 2 منها، كم تفاحة ستبقى لديك؟,4
في مزرعة، هناك 15 دجاجة و10 أرانب. كم مجموع الأرجل في المزرعة؟,70
إذا كان لديك 5 كرات وأعطيت واحدة لصديقك، كم كرة تبقى لديك؟,4
إذا كان لديك 80 كتابًا، وقرأت 10 كتب في الأسبوع، كم أسبوعًا تحتاج لقراءة جميع الكتب؟,8
إذا كان لديك 10 أقلام، وأعطيت 2 لأصدقائك، كم قلم تبقى لديك؟,8
كم عدد أيام الأسبوع؟,7
إذا كان لديك 120 كتابًا، ووزعت 40 كتابًا على 4 أصدقاء بالتساوي، كم كتاب يبقى لديك؟,100
إذا كان لديك 10 أقلام وأعطيت 3 لأصدقائك، ثم اشتريت 4 أخرى، كم قلمًا لديك الآن؟,11
كم مرة يمكن تقسيم العدد 81 على العدد 9؟,9
إذا كان لديك 100 قلماً ملوناً وأعطيت ربع هذا العدد لأصدقائك، كم قلماً ملوناً ستبقى لديك؟,75
كم عدد الأذنين لدى ثلاث قطط؟,6
كم عدد الأبواب في 4 منازل؟,8
في حديقة حيوانات، عدد الأسود 1/5 عدد الزرافات، وعدد الفيلة 1/3 عدد الزرافات. إذا كان مجموع الحيوانات الثلاثة 63، فكم عدد الزرافات؟,35
لدى مريم أربع كتب ودفتر واحد. كم عدد الكتب التي لديها؟,4
إذا كان عمر الأم 35 سنة وعمر ابنتها 7 سنوات، فكم كان عمر الأم عندما ولدت ابنتها؟,28
كم عدد الأرجل في 4 حيوانات، إذا كان كل حيوان يحتوي على 4 أرجل؟,16
لديك 20 قلم ملونة. أضعت 3 منها. كم قلم ملون تبقى لديك؟,17
إذا كان لدي 30 كراسة وقررت توزيعها بالتساوي على 6 طلاب، كم كراسة يحصل كل طالب؟,5
لديك 10 دولارات وأنفقت منها 4 دولارات. كم دولارًا يبقى لديك؟,6
إذا كنت تملك 9 علب من الطلاء، وكل علبة تحتوي على 6 ألوان، كم لونًا لديك؟,54
في سباق للجري، قطع المتسابق الأول 3/5 المسافة في 30 دقيقة. إذا كانت المسافة الكلية 25 كم، فكم كيلومترًا يتبقى عليه؟,10
إذا كان عمر الأب 45 سنة وعمر ابنه 15 سنة، فبعد كم سنة سيصبح عمر الأب ضعف عمر ابنه؟,15
كم يكون العدد إذا جمعت نصف العدد 18 مع ثلث العدد 12؟,15
إذا كان لديك 60 سؤالاً وأجبت على 40 منها، كم سؤالاً بقي بدون إجابة؟,20
لديك 5 كرات، وأضفت 4 كرات جديدة. كم عدد الكرات لديك الآن؟,9
في مكتبة، 1/4 الكتب باللغة العربية، و1/3 الكتب باللغة الإنجليزية، و1/6 الكتب باللغة الفرنسية، والباقي بلغات أخرى. إذا كان عدد الكتب بلغات أخرى 100، فكم كتابًا في المكتبة؟,480
إذا كان لديك 12 دزينة من البيض، كم بيضة لديك؟,144
في صف، 1/3 الطلاب يلبسون نظارات. إذا كان عدد الطلاب 30، فكم طالبًا يلبس نظارات؟,10
إذا كان لديك 25 تفاحة، وأكلت 20 منها، كم تفاحة ستبقى لديك؟,5
ما هو الرقم الذي إذا قُسم على 2 يعطي 15؟,30
إذا كان لديك 6 أزواج من الجوارب، كم فردة جورب لديك؟,12
كم عدد الأشهر في نصف سنة؟,6
في سباق للسيارات، قطعت السيارة الأولى 2/5 المسافة في 30 دقيقة، وقطعت السيارة الثانية 3/7 المسافة في نفس الوقت. إذا كانت المسافة الكلية 210 كم، فما الفرق بين المسافة التي قطعتها السيارتان؟,6
لديك 7 تفاحات وأخذت منها 3. كم تفاحة بقيت؟,4
لديك 3 صناديق، كل صندوق يحتوي على 4 كتب. كم عدد الكتب الإجمالي؟,12
إذا كان لديك 12 نوعًا من الزهور، وكل نوع يحتوي على 20 زهرة، واحتجت 10 زهور من كل نوع، كم زهرة تبقى لديك؟,120
إذا كان لديك 80 كتاباً ووهبت ربعها لمكتبة المدرسة، كم كتاباً سيبقى معك؟,60
إذا كان لديك 4 صناديق، وكل صندوق يحتوي على 8 كرات، ثم أضفت 4 كرات إلى كل صندوق، كم يصبح عدد الكرات الإجمالي؟,48
كم عدد الأصابع في اليدين معاً؟,10
لدي 6 حبات عنب و2 تفاحات. كم عدد الفواكه؟,8
إذا كان لديك 12 صحنًا، وكل صحن يحتوي على 3 قطع من الحلويات، كم قطعة حلويات لديك؟,36
إذا كان لديك 3 برتقالات وأخذت منها واحدة، كم تبقى لديك؟,2
إذا كان لديك 220 ريالاً، وأنفقت 120 ريالاً، كم ريالاً سيبقى لديك؟,100
إذا كان لديك 14 طائراً وأطلق سراح 6 منها، كم طائراً سيبقى لديك؟,8
إذا كان لديك 20 حقيبة، وكل حقيبة تحتوي على 6 كتب، وكل كتاب يحتوي على 250 صفحة، كم عدد الصفحات الإجمالي؟,-27680
كم عدد اللاعبين في فريق كرة القدم؟,11
إذا كان لديك 90 تفاحة، وأعطيت 30 تفاحة لكل صديق من 3 أصدقاء، كم تفاحة تبقى لديك؟,0
إذا كان لديك 38 كتاباً، وأعطيت 33 منها لأصدقائك، كم كتاباً سيبقى لديك؟,5
إذا كان لديك 21 تفاحة، وأكلت 16 منها، كم تفاحة ستبقى لديك؟,5
إذا كان لديك 120 ريالاً، وأنفقت 70 ريالاً، كم ريالاً سيبقى لديك؟,50
لديك 2 دراجات هوائية وأعطيت واحدة لأخيك. كم دراجة بقيت لديك؟,1
إذا جمعت 3 أرباع 12 مع ربع 16، كم يصبح المجموع؟,15
إذا كان عمر الجد 72 سنة، وكان عمره عند ولادة ابنه 3 أضعاف عمره عند ولادة حفيده، وكان عمره عند ولادة حفيده 54 سنة، فكم عمر الابن الآن؟,36
إذا كان لديك 6 مجموعات من الكرات، وكل مجموعة تحتوي على 5 كرات، وكل كرة تحتوي على 7 ألوان، كم عدد الألوان الإجمالي؟,210
ما هو العدد الذي إذا طرحته من 100 يصبح الناتج 75؟,25
كم عدد الزوايا في 7 مثلثات؟,21
إذا كان لديك 18 كتاباً ووزعتها بالتساوي على 3 رفوف، كم كتاباً سيكون على كل رف؟,6
لديك 5 قوارير ماء، وكل قارورة تحتوي على 4 لترات، وإذا استخدمت 2 لترات من كل قارورة، كم لتر ماء يتبقى؟,10
إذا كنت تملك خمس أقلام ورصاصتين، كم عدد الأقلام؟,7
إذا كان لديك 90 تفاحة، وأعطيت 30 تفاحة لكل من 3 أصدقاء، كم تفاحة تبقى لديك؟,0
إذا كان لديك 500 ريال، وأنفقت 400 ريال، كم ريالاً سيبقى لديك؟,100
إذا كان لديك 150 قطعة نقدية من فئة 1 ريال وأعطيت ثلث هذا العدد لأخيك، كم قطعة نقدية ستبقى لديك؟,100
لدي خمس أقلام ودفترين. كم عدد الأشياء التي لدي؟,7
إذا كان لديك 17 ريالاً، وأنفقت 12 ريالاً، كم ريالاً سيبقى لديك؟,5
إذا كان لدي 8 طاولات، وكل طاولة تحتوي على 6 كراسي، كم عدد الكراسي الإجمالي؟,48
إذا ضاعفت العدد 12 ثم أضفت إليه 15، كم يصبح العدد؟,39
إذا كان لديك 100 ريال واشتريت 4 كتب بقيمة 20 ريال لكل كتاب، كم ريالًا تبقى معك؟,20
إذا كان لديك 11 تفاحة، وأكلت 6 منها، كم تفاحة ستبقى لديك؟,5
لديك 14 صندوقًا، وكل صندوق يحتوي على 9 كتب، وكل كتاب يحتوي على 100 صفحة. كم عدد الصفحات الإجمالي؟,-5072
كم عدد الأرجل في 4 طيور و6 خيول؟,32
إذا كان لديك 4 أرفف، وكل رف يحتوي على 6 كتب، كم عدد الكتب لديك؟,24
إذا كان لديك 29 تفاحة، وأعطيت 19 منها لأصدقائك، كم تفاحة ستبقى لديك؟,10
إذا كان لديك 22 كتاباً، وأعطيت 17 منها لأصدقائك، كم كتاباً سيبقى لديك؟,5
إذا كان لديك 50 كرة، وأعطيت 20 كرة لأخيك، كم كرة ستبقى لديك؟,30
إذا كان لديك 330 كتاباً، وأعطيت 140 منها لأصدقائك، كم كتاباً سيبقى لديك؟,190
في مدرسة، نسبة الطالبات إلى الطلاب 3:2. إذا كان عدد الطلاب 100، فكم عدد الطالبات؟,150
إذا كان لديك 25 تفاحة وأكلت 10 منها، كم تفاحة تبقى لديك؟,15
إذا كان لديك 9 كتب وأعطيت 4 منها لأصدقائك، كم كتاب بقي لديك؟,5
إذا كان لديك 43 كرة، وأعطيت 38 منها لأخيك، كم كرة ستبقى لديك؟,5
إذا كان لديك 350 ريالاً، وأنفقت 250 ريالاً، كم ريالاً سيبقى لديك؟,100
إذا كان هناك 3 فصول دراسية، وكل فصل يحتوي على 15 طالبًا، كم العدد الكلي للطلاب؟,45
إذا كان لديك 12 كتاباً، وأعطيت 6 منها لأصدقائك، كم كتاباً سيبقى لديك؟,6
كم يكون الناتج إذا ضربت 7 في 7 ثم أضفت نصف الناتج إلى العدد 49؟,98
ما هو العدد الكلي للأشياء إذا كان لديك 3 من الأقلام و2 من الكتب؟,5
لديك 700 كتاب ووزعت 300 على المكتبات. كم كتاباً بقي معك؟,400
ما هو العدد الذي يكون أكبر من 3 وأصغر من 5؟,4
إذا كان لديك 50 كرة وفقدت 15 منها، كم كرة ستبقى معك؟,35
كم عدد الأيدي لدى شخصين؟,4
كم عدد العيون في أربعة كلاب؟,8
إذا كانت لديك 3 قطع من الشوكولاتة وأعطيت واحدة لصديقك، كم قطعة بقيت؟,2
لدى سامي ثلاث كرات وكلب. كم عدد الحيوانات التي يمتلكها سامي؟,1
لدي 270 ريالاً. إذا أنفقت ربع هذا المبلغ، كم ريالاً سأنفق؟,67
كم عدد الأرجل في 7 خيول و4 خنازير؟,44
في مصنع، ينتج العامل 20 قطعة في الساعة. كم ساعة يحتاج 5 عمال لإنتاج 1000 قطعة؟,10
هناك ثلاثة طلاب. كل طالب لديه كتاب. كم عدد الكتب الإجمالية؟,3
إذا ضاعفت العدد 4 ثلاث مرات، كم يصبح العدد؟,32
كم عدد الأصابع لدى 3 أشخاص؟,30
إذا كان لديك 9 زجاجات، وكل زجاجة تحتوي على 2 لتر من العصير، كم لتر عصير لديك؟,18
في سباق جري، قطع المتسابق الأول 3/4 المسافة في 30 دقيقة. إذا كانت المسافة الكلية 20 كم، فكم كيلومترًا قطع في 30 دقيقة؟,15
إذا كان لديك 50 قلماً ملوناً وأعطيت ثلث هذا العدد لأصدقائك، كم قلماً ملوناً ستبقى لديك؟,33
إذا كان لديك 100 درهم وأنفقت ثلثها، كم درهماً بقي معك؟,67
لدي 360 ريالاً. إذا أنفقت نصف هذا المبلغ، كم ريالاً سأنفق؟,180
إذا كان لديك 10 صناديق، يحتوي كل صندوق على 12 كرة، ثم أضفت 5 كرات لكل صندوق، كم عدد الكرات الكلي الآن؟,170
لدي ثلاث تفاحات وبرتقالة واحدة. كم عدد الفواكه التي لدي؟,4
كم عدد أرجل العنكبوت؟,8
رأيت خمسة طيور وعصفور واحد. كم عدد الطيور التي رأيتها؟,6
إذا كان لديك 8 تفاحات وأعطيت ربعها لصديقك، كم تفاحة بقيت معك؟,6
في مصنع، ينتج العامل 15 قطعة في الساعة. إذا عمل 12 عاملاً لمدة 8 ساعات يوميًا لمدة 6 أيام، فكم قطعة سينتجون؟,8640
إذا كان لدي 5 تفاحات وأكلت 2 منها، كم تفاحة بقيت؟,3
لدي 40 قطعة نقدية من فئة 2 ريال. كم ريالاً لدي بالإجمالي؟,80
إذا كان لديك 12 بيضة، وأعطيت 6 منها لجارك، كم بيضة بقيت لديك؟,6
إذا كان لديك 160 تفاحة، وأكلت 50 منها، كم تفاحة ستبقى لديك؟,110
إذا كان لديك 8 مربعات وقسمت كل مربع إلى 4 أجزاء، كم عدد الأجزاء التي تحصل عليها؟,32
في مدرسة، نسبة الطلاب الذين يمارسون الرياضة إلى الذين لا يمارسونها 3:2. إذا كان عدد الطلاب الذين لا يمارسون الرياضة 80، فكم عدد طلاب المدرسة؟,200
في مباراة كرة قدم، سجل الفريق الأول 3 أهداف والفريق الثاني ضعف ذلك. كم هدفًا سُجل في المباراة؟,9
إذا كان لديك 20 بيضة وقررت تقسيمها بالتساوي على 4 سلال، كم بيضة في كل سلة؟,5
إذا كان لديك 40 صناديق، وكل صندوق يحتوي على 9 كتب، وكل كتاب يحتوي على 150 صفحة. كم عدد الصفحات الإجمالي؟,-11536
كم عدد أيام شهر يناير؟,31
كم عدد الفصول في السنة؟,4
إذا كان لديك 25 زهرة وذبل خمسها، كم زهرة لا تزال حية؟,20
إذا كان لديك 150 صفحة لقراءتها وقرأت 40 صفحة في اليوم الأول و60 صفحة في اليوم الثاني، كم صفحة بقيت؟,50
لديك 20 ريالًا وأنفقت منها 7 ريالات. كم ريالًا يبقى لديك؟,13
إذا كان لديك 1 قطة، وأضفت 2 قطة أخرى، كم عدد القطط لديك الآن؟,3
إذا كنت تملك 30 حقيبة، وكل حقيبة تحتوي على 4 كتب، وكل كتاب يحتوي على 80 صفحة، كم عدد الصفحات الإجمالي؟,9600
إذا كان لديك 8 حقائب وكل حقيبة تحتوي على 6 دفاتر، وقررت إعطاء 3 حقائب لكل من أصدقائك الثلاثة، كم دفتر تبقى؟,30
إذا كان لديك 15 كتابًا ووضعت 5 على كل رف، كم رفًا تحتاج؟,3
كم عدد الأسابيع في شهرين؟,8
كم عدد السنوات في 3 عقود؟,30
لديك ستة حبات من الجوز وتفاحتان. كم عدد الفواكه لديك؟,2
كم عدد الأذنين لدى شخص واحد؟,2
إذا كان لديك 9 سيارات وكل سيارة تحتوي على 4 عجلات، كم عدد العجلات الإجمالية؟,36
إذا كان لديك 8 أزهار وأخذت 3 منها، كم زهرة تبقى لديك؟,5
إذا كان لديك 30 كتابًا، وأعطيت 10 منها، ثم اشتريت 25 كتابًا إضافيًا، كم كتابًا لديك الآن؟,45
كم عدد الأصابع في 2 يدين؟,10
لديك 30 صندوقًا، وكل صندوق يحتوي على 10 أنواع من الفواكه، وكل نوع يحتوي على 5 فواكه. كم عدد الفواكه الإجمالي؟,1500
لدى سارة خمس حبات من الفواكه وأربعة خضروات. كم عدد الفواكه؟,5
إذا كان لديك 25 ريالاً، وأنفقت 15 ريالاً، كم ريالاً سيبقى لديك؟,10
إذا كان هناك 20 كرة موزعة بالتساوي على 4 صناديق، كم كرة في كل صندوق؟,5
كم عدد أوجه المكعب؟,6
كم عدد الأقدام في 2 كراسي؟,8
كم عدد أيام السنة (غير الكبيسة)؟,365
لديك 3 صناديق، يحتوي كل صندوق على 4 كرات. كم عدد الكرات الكلي؟,12
إذا كان لديك 3 ساعات و 3 دقائق، كم المجموع بالدقائق؟,183
إذا كان لديك 90 دولارًا، وأنفقت 30 دولارًا على الطعام و20 دولارًا على الملابس، كم تبقى لديك؟,40
إذا كان لدى علي 5 أكياس من الحلوى، وفي كل كيس 12 قطعة، وأراد توزيعها بالتساوي على 6 أصدقاء، فكم قطعة سيحصل كل صديق؟,10
كم عدد الأيام في 3 أسابيع؟,21
لديك 18 حاوية، وكل حاوية تحتوي على 10 قطع من الحلوى، وكل قطعة تحتوي على 4 ألوان، كم عدد الألوان الإجمالي؟,720
إذا كان لديك 290 كرة، وأعطيت 120 منها لأخيك، كم كرة ستبقى لديك؟,170
في مصنع، ينتج العامل 10 قطع في الساعة. كم عاملاً نحتاج لإنتاج 1200 قطعة في 6 ساعات؟,20
إذا كان لديك 5 أكياس، وفي كل كيس 6 تفاحات، كم تفاحة لديك في المجموع؟,30
في مسابقة، شارك 50 متسابقًا. إذا فاز 20٪ منهم، كم عدد الفائزين؟,10
إذا كان لديك 600 قلم ووهبت ثلثها لمدرسة، كم قلماً سيبقى معك؟,400
إذا كان هناك 10 أطباق ووضعت 5 على كل طبق، كم عدد الإجمالي للأطباق؟,10
إذا كان لديك 170 ريالاً، وأنفقت 90 ريالاً، كم ريالاً سيبقى لديك؟,80
إذا كان لديك 30 تفاحة وأكلت ربعها، كم تفاحة ستبقى لديك؟,22
إذا كان لديك 10 كعكات وأكلت 3 منها، كم كعكة ستبقى لديك؟,7
إذا ضاعفت العدد 30 ثلاث مرات، كم يصبح الناتج؟,180
في مكتبة، 20٪ من الكتب روايات، و25٪ كتب علمية، و15٪ كتب أطفال، والباقي كتب تاريخية. إذا كان عدد الكتب التاريخية 160، فكم كتابًا في المكتبة؟,400
إذا كان لديك 280 كتاباً، وأعطيت 110 منها لأصدقائك، كم كتاباً سيبقى لديك؟,170
كم ضلعاً للمربع؟,4
إذا كان لديك 8 طيور و3 منها تطير، كم عدد الطيور التي لا تطير؟,5
إذا كان لديك 540 كرة، وأعطيت 350 منها لأخيك، كم كرة ستبقى لديك؟,190
عندي خمس أوراق شجر وعصفور واحد. كم من الأشياء الحية لدي؟,1
كم مرة تستطيع تقسيم العدد 49 على العدد 7؟,7
ما هو العدد الذي إذا أضفت إليه 7 يصبح 20؟,13
كم عدد العجلات في دراجتين هوائيتين؟,4
إذا كان لديك 60 كرة، ووزعت 15 كرة على 3 أصدقاء بالتساوي، كم عدد الكرات المتبقية لديك؟,45
إذا كان لديك 7 ساعات وسألت صديقك 4 منها، كم ساعة تبقى لديك؟,3
إذا كان لديك 33 تفاحة، وأكلت 28 منها، كم تفاحة ستبقى لديك؟,5
ما هو العدد الذي يلي 14 ويأتي قبل 16؟,15
إذا كان لديك 10 أقلام، وأعطيت 1 لأخيك، كم قلم تبقى لديك؟,9
في مكتبة، هناك 3 رفوف. على كل رف 8 كتب. كم كتابًا في المكتبة؟,24
كم عدد الأرجل في 3 خيول؟,12
إذا كان لديك 50 كيسًا، وكل كيس يحتوي على 6 تفاحات، كم عدد التفاحات لديك؟,300
إذا كان لديك 49 تفاحة، وأكلت 44 منها، كم تفاحة ستبقى لديك؟,5
إذا كان طول المستطيل 12 مترًا وعرضه نصف طوله، فكم مترًا مربعًا تبلغ مساحته؟,72
لديك 10 أقلام، أعطيت 3 لصديقك وفقدت 2. كم قلمًا بقي معك؟,5
في مسابقة الرياضيات، حصل 40٪ من الطلاب على درجة أعلى من 80. إذا كان عدد الطلاب المشاركين 250، فكم عدد الطلاب الذين حصلوا على درجة 80 أو أقل؟,150
لديك ستة أحذية وزوج واحد من القفازات. كم عدد الأحذية؟,6
إذا كان لدي 4 كرات و3 دفاتر. كم عدد الأشياء؟,7
كم عدد القلوب لدى 3 أشخاص؟,3
ما هو ناتج طرح 17 من 25؟,8
إذا كان لديك 150 كتابًا، ووزعت 50 كتابًا على 5 أصدقاء بالتساوي، كم كتاب يبقى لديك؟,120
إذا كان لديك 60 تفاحة، وأكلت 15 منها، كم تفاحة ستبقى لديك؟,45
إذا كان لديك 7 كرات، وأعطيت 3 كرات لأخيك، كم كرة ستبقى لديك؟,4
كم عدد الساعات في 10 أيام؟,240
كم عدد الأرجل في 7 خيول و3 قوارب؟,34
لديك 6 أقلام وأضعت 2 منها. كم قلم بقي معك؟,4
كم يكون العدد إذا جمعت نصف عدد 8 مع ضعفي العدد 2؟,8
إذا كان لديك 5 زهور وأعطيت زهرتين لصديقك، كم زهرة تبقى لديك؟,3
إذا كان لديك 200 دولار، وأنفقت 75 دولارًا على الطعام و50 دولارًا على الملابس، كم تبقى لديك؟,75
إذا كان لدي 200 ريال واشتريت 5 ألعاب بسعر 20 ريال لكل لعبة، كم ريالًا تبقى؟,100
إذا كان لديك 7 أرفف وكل رف يحتوي على 8 كتب، كم عدد الكتب الإجمالي؟,56
لدي 450 ريالاً. إذا أنفقت ثلثي هذا المبلغ، كم ريالاً سأنفق؟,300
لديك 14 حاوية، وكل حاوية تحتوي على 6 أنواع من الفواكه، وكل نوع يحتوي على 10 قطع، كم عدد القطع الإجمالي؟,840
إذا كان لديك 22 قسطًا من الأرز، وكل قسط يحتوي على 4 كجم من الأرز، كم عدد كجم الأرز لديك؟,88
كم عدد الدقائق في الساعة؟,60
إذا كان لدي 5 سيارات و3 دراجات، كم عدد المركبات لدي؟,8
إذا كانت لديك ثلاث كرات وأربع كرات أخرى، كم عدد الكرات؟,7
إذا كان لديك 17 كتاباً، وأعطيت 1 منها لأخيك، كم كتاباً سيبقى لديك؟,16
إذا كان لديك 150 كرة، ووزعت 50 كرة على 5 أصدقاء بالتساوي، كم عدد الكرات المتبقية لديك؟,100
إذا كان لديك 25 تفاحة ووزعت 10 على أصدقائك، كم تفاحة ستبقى معك؟,15
لديك 120 درهماً وأنفقت ثلثها. كم درهماً بقي معك؟,80
إذا كان لديك 30 كتاباً، وأعطيت 25 منها لأصدقائك، كم كتاباً سيبقى لديك؟,5
إذا كان لديك 420 ريالاً، وأنفقت 320 ريالاً، كم ريالاً سيبقى لديك؟,100
إذا كان لديك 6 صناديق، وكل صندوق يحتوي على 4 أنواع من الزهور، وكل نوع يحتوي على 5 زهور، كم زهرة لديك؟,120
كم عدد الأصابع في يدين اثنتين؟,10
إذا كنت تملك 24 علبة، وكل علبة تحتوي على 5 أنواع من الشوكولاتة، وكل نوع يحتوي على 10 قطع، كم عدد القطع الإجمالي؟,2400
إذا كان لديك 45 قلماً ووزعتها بالتساوي على 5 طلاب، كم قلماً سيحصل كل طالب؟,9
إذا كان لديك 7 صناديق وكل صندوق يحتوي على 5 كتب، كم عدد الكتب الإجمالي؟,35
كم عدد الأصابع في 4 أيادي؟,20
إذا كان لديك 7 مجموعات من الأوراق، وكل مجموعة تحتوي على 15 ورقة، واحتجت لاستخدام 5 ورقات من كل مجموعة، كم ورقة تبقى في كل مجموعة؟,10
إذا كان لديك 130 كتاباً، وأعطيت 40 منها لأصدقائك، كم كتاباً سيبقى لديك؟,90
إذا كنت تملك 5 مجموعات من الألوان، وكل مجموعة تحتوي على 9 ألوان، كم عدد الألوان لديك؟,45
إذا كانت لديك 25 ورقة، وأعطيت 10 ورقات لأخيك، كم ورقة تبقى لديك؟,15
كم عدد الزوايا في 5 مربعات؟,20
إذا كان لديك 9 تفاحات، وأكلت 3 منها، كم تفاحة ستبقى لديك؟,6
لدي 60 ريالاً. إذا أنفقت ربع هذا المبلغ، كم ريالاً سأنفق؟,15
إذا كان لديك 270 دقيقة ومر منها ساعتان، كم دقيقة بقيت؟,150
لديك 6 صناديق، كل صندوق يحتوي على 5 كتب، وكل كتاب يحتوي على 100 صفحة. كم عدد الصفحات الإجمالي؟,3000
ما هو العدد الذي إذا طرحته من 200 يصبح الناتج 135؟,65
لديك 20 صندوقًا، وكل صندوق يحتوي على 8 أنواع من الفواكه، وكل نوع يحتوي على 6 قطع، كم عدد القطع الإجمالي؟,960
كم يكون الناتج إذا ضربت عدد أيام الأسبوع في عدد أشهر السنة؟,84
إذا كان لديك 5 تفاحات وأعطيت منها 2، كم تفاحة تبقى معك؟,3
إذا كان لديك 320 ريالاً، وأنفقت 220 ريالاً، كم ريالاً سيبقى لديك؟,100
كم يكون مجموع نصف العدد 10 وثلث العدد 9؟,8
أحمد لديه 3 كتب و2 دفاتر، كم عدد الأدوات الدراسية التي لديه؟,5
إذا كان لدى مزارع 120 شجرة، وكان 25٪ منها أشجار تفاح، و30٪ أشجار برتقال، والباقي أشجار زيتون، فكم شجرة زيتون لديه؟,54
