category,instruction,response,_instr_words,_resp_words,tun_score,msa_score,tun_hits,msa_hits,is_msa
cultural_knowledge,شنوة أكبر مدينة في تونس؟,"تونس العاصمة هي أكبر مدينة في البلاد من حيث عدد السكان، وحسب إحصائيات 2021 يسكنوا فيها قريب 700 ألف نسمة (بالضبط 693,210).",5,22,0.0,0.05263157894736842,[],['حيث'],True
emotional_support,الديون غرقتني وما لقيتش حل، مانيش عارف كيفاش باش نخلص.,ربي يرزقك من حيث لا تحتسب. حاول تنظم مصاريفك، واعمل خطة صغيرة للخصلاص. السعي يجيب الرزق، والشدة تنفرج بإذن الله.,10,20,0.0,0.05,[],['حيث'],True
emotional_support,الديون غطتني وما لقيتش حل، مانيش عارف كيفاش باش نعيش صغاري.,ربي يرزقك من حيث لا تحتسب. حاول تنظم مصاريفك، واسعى في طلب الرزق بلي تقدر. الشدة تنفرج بإذن الله، وخلي ثقتك في الخالق كبيرة.,11,24,0.0,0.041666666666666664,[],['حيث'],True
cultural_knowledge,بربي يا معلم، فوندو مازال عندو بلاصة في كلامنا توا؟,أسمعني فاش نقلك، إي نعم، يتذكر في سياق الجدل على حدود الجرأة في الدراما التونسية وتناول الموضوعات الاجتماعية الحساسة. قعد محفور في الذاكرة.,10,23,0.0,0.043478260869565216,[],['في سياق'],True
cultural_knowledge,شنو الماكلات اللي الغزال عنصر أساسي فيها؟,پلا الصيد النادر يتعمل في المناطق الجنوبية التونسية حيث يتصاد الغزال,7,11,0.0,0.09090909090909091,[],['حيث'],True
cultural_knowledge,"وقتاش تقول ""بو البنات، ما يبات هاني""؟",تقولها وقت الحديث عن أعباء تربية البنات وما يرافقها من هموم. تتقال في سياق التعبير على اليهموم والمسؤوليات المرتبطة بتربية البنات في المجتمع التونسي.,7,24,0.0,0.041666666666666664,[],['في سياق'],True
cultural_knowledge,"وقتاش تقول ""اللي مات بوه قبل جده، خرج بقده""؟",تقولها وقت الحديث عن قضايا الإرث وحقوق الأحفاد. تتقال في سياق الحديث عن الميراث وحق الأحفاد وقت وفاة البو قبل الجد.,9,21,0.0,0.047619047619047616,[],['في سياق'],True
cultural_knowledge,فلان قطع علاقته بالعايلة الكل وقال أنا نعيش وحدي وما نستحق لحد.,يقولوا 'رجل ببراسه، ذهب في قرطاسه'. الرجل الذي يعتمد على نفسه فقط دون أهله ينتهي به الأمر وحيداً وبائساً.,12,19,0.0,0.05263157894736842,[],['الأمر'],True
general_knowledge,شكون هو بينس بيدي؟,لاعب كورة مجري يلعب في وسط الميدان.,4,7,0.0,0.14285714285714285,[],['الميدان'],True
